nome_fantasia;cnae_principal;municipio-id;estado-sigla;bairro
ABM DISTRIBUIDORA;4771704;4305108;RS;MEDIANEIRA
DU ZIGNANI PET SITTER;9609208;4305108;RS;INTERLAGOS
AOMV;9609208;4305108;RS;NOSSA SENHORA DA SAUDE
MERCADO E FRUTEIRA VITORIO TRES;4712100;4305108;RS;NOSSA SENHORA DE FATIMA
MATEUS ESTETICA PET;9609208;4305108;RS;DIAMANTINO
CORUJOES CONVENIENCIA;4712100;4305108;RS;NOSSA SENHORA DE LOURDES
MERCADO LIMA;4712100;4305108;RS;SANTA CATARINA
MERCEARIA DA NENA;4712100;4305108;RS;NOSSA SENHORA DE FATIMA
LANCHERIA E RESTAURANTE BOSSA NOVA;4712100;4305108;RS;PIO X
HORTIFRUTI DA FAMILIA;4712100;4305108;RS;DESVIO RIZZO
LA MA LE DOGS;9609207;4305108;RS;JARDIM AMERICA
ABELU MIMOS- LF;4789004;4305108;RS;NOSSA SENHORA DE FATIMA
BRUNA BERTIN FENNER;7500100;4305108;RS;ESPLANADA
PRWEBER SERVICOS VETERINARIOS;7500100;4305108;RS;NOSSA SENHORA DE LOURDES
MERCEARIA TESTOLIN LTDA - FILIAL 1;4712100;4305108;RS;BELA VISTA
QUERIDO PET BANHO E TOSA;9609208;4305108;RS;CIDADE NOVA
MAISA MARQUES DUARTE;4789004;4305108;RS;SANTO ANTONIO
MINI MERCADO CHAVES;4712100;4305108;RS;PLANALTO
MERCADAO SANTOS DUMONTT;4711302;4305108;RS;SALGADO FILHO
MANIAS DE BICHOS;9609208;4305108;RS;UNIVERSITARIO
ROSI CONFEITARIA E CAFETERIA;4712100;4305108;RS;PIO X
VITALIPET CLINICA VETERINARIA;7500100;4305108;RS;SAO PELEGRINO
MJS COMERCIO ATACADISTA;4639702;4305108;RS;SAO LEOPOLDO
GEEKYPAWS;9609208;4305108;RS;FORQUETA
ROTA DOCE;4712100;4305108;RS;SANTA FE
AMOR DE BICHO;9609208;4305108;RS;PRESIDENTE VARGAS
MINI MERCADO PACHECO;4712100;4305108;RS;CRUZEIRO
PADARIA MARIENSE;4712100;4305108;RS;SAO CAETANO
AGROPECUARIA DANELUZ;4789004;4305108;RS;CRUZEIRO
MINI MERCADO TELES;4712100;4305108;RS;SAO VICTOR COHAB
SACOLAO OASIS;4711302;4305108;RS;NOSSA SENHORA DO ROSARIO
MERCEARIA CONQUISTA;4712100;4305108;RS;SANTA CORONA
ESPECO PETS;4789004;4305108;RS;SANTO ANTONIO
PETLIZ;9609208;4305108;RS;CHARQUEADAS
AGROJV;4789004;4305108;RS;SANTA FE
PATAS DE OURO BANHO E TOSA;9609208;4305108;RS;SAGRADA FAMILIA
MINI MERCADO LK;4712100;4305108;RS;SALGADO FILHO
I LOVE PETS;9609208;4305108;RS;CIDADE NOVA
PET DAS ESTRELAS;9609208;4305108;RS;EXPOSICAO
REI DO TRAGO;4712100;4305108;RS;VILA SECA
AGRO BRUZA;4789004;4305108;RS;ESPLANADA
LUANA SALES GOULART;4789004;4305108;RS;PIONEIRO
ARMAZEM KLEIN;4712100;4305108;RS;SANTA CATARINA
GABRIELA KAMMLER KOHLRAUSCH;9609208;4305108;RS;SAO CAETANO
MERCADO HM;4712100;4305108;RS;CHARQUEADAS
MUNDO PELC;4789004;4305108;RS;CIDADE NOVA
SUPERMERCADOS APOLO;4711302;4305108;RS;CENTRO
ARMAZEM MAURICIO;4712100;4305108;RS;ESPLANADA
DANIEL SCOLA;9609208;4305108;RS;NOSSA SENHORA DE FATIMA
PROBEM CLINICA VETERINARIA;7500100;4305108;RS;MADUREIRA
CLICKER PET COMERCIO E RPRESENTACOES LTDA;4789004;4305108;RS;BELA VISTA
SIMON S PET;4789004;4305108;RS;SAGRADA FAMILIA
FERRAGEM E AGROPECUARIA TREVO;4789004;4305108;RS;BELA VISTA
BOB PET;4789004;4305108;RS;CENTRO
MERCADO MATTE;4712100;4305108;RS;RIO BRANCO
BICHARADA;4789004;4305108;RS;SAGRADA FAMILIA
MERCADO NOBRE;4712100;4305108;RS;DESVIO RIZZO
AGRO VITORIA;4789004;4305108;RS;SAO VICTOR COHAB
CENTRO DE TREINAMENTO JOQUEI CLUBE P. SILVA;9609207;4305108;RS;SAMUARA
MERCADO COSTA;4712100;4305108;RS;CIDADE NOVA
ARCA BANHO E TOSA;9609208;4305108;RS;MARECHAL FLORIANO
MERCADO E FERRAGEM ARAUJO;4712100;4305108;RS;SANTA CATARINA
COMERCIAL CAMARGO'S;4789004;4305108;RS;SAO LEOPOLDO
CASA DEL PANE;4712100;4305108;RS;PETROPOLIS
ALC MARKETING;4712100;4305108;RS;CRISTO REDENTOR
MERCADO E PADARIA NUNES E TOLEDO;4712100;4305108;RS;SAO JOSE
BABYPET;4789004;4305108;RS;CRUZEIRO
FRUTEIRA JR. FRASSINI;4712100;4305108;RS;ESPLANADA
MERCADO G L;4712100;4305108;RS;CHARQUEADAS
EMERSON OLIVEIRA;4712100;4305108;RS;DE LAZZER
RECANTO DO PET;4789004;4305108;RS;SAO CRISTOVAO
MERCEARIA CANAA;4712100;4305108;RS;CENTENARIO
TENDA DA NICE;4712100;4305108;RS;CHARQUEADAS
DOG FASHION BANHO E TOSA;9609208;4305108;RS;ESPLANADA
AFFETTO PET;4789004;4305108;RS;CENTRO
DR NORONHA DIAGNOSTICOS PARA IMAGEM VETERINARIA;7500100;4305108;RS;CRISTO REDENTOR
VIEIRA;4712100;4305108;RS;CHARQUEADAS
MICHELE HERNANDES PINHEIRO;9609208;4305108;RS;SANVITTO
MERCADO TRIBAL;4712100;4305108;RS;SAO VICTOR COHAB
PET SHOP AGROVITORIA;9609208;4305108;RS;SAO VICTOR COHAB
RCMARTINS;4712100;4305108;RS;CHARQUEADAS
PET HAIR;4789004;4305108;RS;CRISTO REDENTOR
SANTOS;4712100;4305108;RS;NOSSA SENHORA DAS GRACAS
ACIOLY PET SHOP;4789004;4305108;RS;RIO BRANCO
AGRO COMERCIAL FLOREIO;4789004;4305108;RS;CHARQUEADAS
MERCADO CONQUISTA;4712100;4305108;RS;SAO LEOPOLDO
COMERCIO DE RACOES BERNARDI;4789004;4305108;RS;SANTA FE
AGRO MACHADO;4789004;4305108;RS;SAO CAETANO
THE BULLY PERUSATTO KENNEL;0159802;4305108;RS;CHARQUEADAS
FERNANDA MULLER;9609208;4305108;RS;CINQUENTENARIO
V S AGROPECUARIA;4789004;4305108;RS;SANTO ANTONIO
LILLY PET;9609208;4305108;RS;DIAMANTINO
RABITTO'S PET STORE;4789004;4305108;RS;CRISTO REDENTOR
MERCADO E LANCHERIA RESERVA DO VALE;4712100;4305108;RS;SAO GIACOMO
REINO DA RACAO;4789004;4305108;RS;PLANALTO
KS CONGELADOS E BEBIDAS;4712100;4305108;RS;KAYSER
TONUCHA;9609208;4305108;RS;PIONEIRO
S.T.P. RACOES E SILAGENS;4789004;4305108;RS;CRIUVA
MOREIRA MERCADO;4712100;4305108;RS;RIO BRANCO
FELICIAS ESTETICA ANIMAL E VETERNIARIA;9609208;4305108;RS;RIO BRANCO
PET MANIA;9609208;4305108;RS;JARDIM AMERICA
FERRAO;4712100;4305108;RS;CHARQUEADAS
SABOR DA SERRA;4712100;4305108;RS;MADUREIRA
MINI MERCADO BRAND;4712100;4305108;RS;CIDADE NOVA
CASA DO CANARIO;4789004;4305108;RS;CRUZEIRO
AGROMACHADO;4789004;4305108;RS;ESPLANADA
DIA;4711302;4305108;RS;SAO LEOPOLDO
PATAS DE OURO;4789004;4305108;RS;SAGRADA FAMILIA
MERCADO BOM GOSTO;4712100;4305108;RS;SANTA FE
SUPERMERCADO HORTENCIA;4711302;4305108;RS;MARILAND
MIMOS BANHO E TOSA;9609208;4305108;RS;CHARQUEADAS
CLAUDIO CORREA;9609207;4305108;RS;VILA SECA
DOG'S LIFE;7500100;4305108;RS;CENTRO
W E M;4712100;4305108;RS;PARADA CRISTAL
PET SOUND DIAGNOSTICO POR IMAGEM;7500100;4305108;RS;CHARQUEADAS
MINI MERCADO FELICIDADE;4712100;4305108;RS;NOSSA SENHORA DAS GRACAS
MINE MERCADO DA ELIZETE;4712100;4305108;RS;SAO LUIZ
FILIAL 376;4711302;4305108;RS;SAO PELEGRINO
IMPERIO DOS PETS;9609208;4305108;RS;MARECHAL FLORIANO
ARMAZEM DOS PETS;4789004;4305108;RS;CENTRO
ACTIVE DOG CX;9609207;4305108;RS;SAO JOSE
DUCAO VETERINARIA;7500100;4305108;RS;PANAZZOLO
LUCY DOGS & CATS;9609208;4305108;RS;NOSSA SENHORA DA SAUDE
IMPERIO CASA DE RACOES;4789004;4305108;RS;NOSSA SENHORA DE FATIMA
COMERCIAL BOI BRABO;4789004;4305108;RS;CENTRO
MERCEARIA OASIS;4712100;4305108;RS;NOSSA SENHORA DO ROSARIO
CONVENIENCIA VITORIA;4712100;4305108;RS;SAO VICTOR COHAB
GROOMER PET;9609208;4305108;RS;CRUZEIRO
MINI MERCADO E FRUTEIRA DA FAMILIA;4712100;4305108;RS;NOSSA SENHORA DAS GRACAS
MERCEARIA JOSEANE;4712100;4305108;RS;DESVIO RIZZO
ROSEPET;9609208;4305108;RS;SANTA CATARINA
BICHINHO SAPECA;9609208;4305108;RS;PLANALTO
SUPER QUALITAT 24 HORAS;4712100;4305108;RS;SAO LEOPOLDO
BABA DE PET;9609208;4305108;RS;NOSSA SENHORA DA SAUDE
PONTO DOS PETS;4789004;4305108;RS;SERRANO
JOHNNIE GROOMER;9609208;4305108;RS;CRISTO REDENTOR
OLIVEIRA;4789004;4305108;RS;CINQUENTENARIO
CENTRO MEDICO VETERINARIO HUMANITARE;4789004;4305108;RS;PRESIDENTE VARGAS
L.R.FLECKE SERVICOS VETERINARIOS;7500100;4305108;RS;PANAZZOLO
DELTA;4712100;4305108;RS;CHARQUEADAS
ERIKA ANDRADE VETERINARIA;7500100;4305108;RS;SANVITTO
MINIMERCADO FARIAS;4712100;4305108;RS;NOSSA SENHORA DAS GRACAS
MERCADO NININHA;4712100;4305108;RS;SANTA CATARINA
MERCADO TRADICAO;4712100;4305108;RS;SANTA CATARINA
ACHOU PEGOU LEVOU BAZAR;4712100;4305108;RS;SAO PELEGRINO
SUPER CATARINA;4712100;4305108;RS;PLANALTO I
BIANCHI PET'S SERVICOS DE ESTETICA ANIMAL LTDA;4789004;4305108;RS;RIO BRANCO
MAMIFEROS & CIA;4789004;4305108;RS;PANAZZOLO
AGROERR / BOLA CHEIA;4789004;4305108;RS;ESPLANADA
NEW LIFE ALIMENTOS;4691500;4305108;RS;DESVIO RIZZO
MERCADO LUCENA;4712100;4305108;RS;SANTA CORONA
MERCADO PERUZZO;4712100;4305108;RS;PLANALTO RIO BRANCO
CLINICA VETERINARIA LUCIANA GUIDOLIN;7500100;4305108;RS;CENTRO
ZAFFARI;4711302;4305108;RS;BAIRRO LOURDES
MERCEARIA MELLO PILLATI;4711301;4305108;RS;RIO BRANCO
ARMAZEM SAO CAETANO;4712100;4305108;RS;SAO CAETANO
VET PET CLINICA VETERINARIA;7500100;4305108;RS;RIO BRANCO
ALBINI AGROPET;4789004;4305108;RS;SANTA CATARINA
SHEILA ARTIGOS PET;4789004;4305108;RS;NOSSA SENHORA DE FATIMA
CAMPEIRO PRODUTOS DO CAMPO;4712100;4305108;RS;NOSSA SENHORA DAS GRACAS
PET SITTER GABRIELI OLIVEIRA;9609208;4305108;RS;SANTA CATARINA
CASA DO PET PETSHOP;4789004;4305108;RS;PIONEIRO
MANUELA GONZALEZ;9609208;4305108;RS;MATIODA
AMOR AU PET;9609208;4305108;RS;SANTA FE
EMPORIO MINUANO;4712100;4305108;RS;JARDIM AMERICA
MERCADO DAROS;4712100;4305108;RS;PLANALTO
MERCADO LELUAL;4712100;4305108;RS;VILA SECA
ARMAZEM ADELINA;4712100;4305108;RS;CINQUENTENARIO II
MINI MERCADO GABI;4712100;4305108;RS;CRUZEIRO
OURO BRANCO;4711302;4305108;RS;CIDADE NOVA
MAXIMO KRAEMER;7500100;4305108;RS;SAO PELEGRINO
JOAQUIM MARQUES DE CASTRO;4712100;4305108;RS;DESVIO RIZZO
SACOLAO E ACOUGUE FORQUETA;4712100;4305108;RS;FORQUETA
DISTRIBUIDORA LOPES;4691500;4305108;RS;SAO LUIZ
SACOLAO DO GALO;4712100;4305108;RS;RIO BRANCO
MARE ALTA;4789004;4305108;RS;CENTRO
BAZAR E MERCEARIA MASCARELLO;4712100;4305108;RS;FLORESTA
ARMAZEM ANIMAL;4623109;4305108;RS;JARDIM AMERICA
PET SHOP MIA E LATE;9609208;4305108;RS;BELA VISTA
AGRO ROLDO;4789004;4305108;RS;CENTRO
LULUZINHA VETERINARIA;7500100;4305108;RS;DESVIO RIZZO
CHAMPION DOG ADESTRAMENTO;9609207;4305108;RS;SAO PELEGRINO
AMOREKOS;9609208;4305108;RS;DE LAZZER
VINY PETZ;9609208;4305108;RS;SERRANO
SUPER ADRIHAM;4712100;4305108;RS;DESVIO RIZZO
MERCADO COLELLA;4712100;4305108;RS;BELO HORIZONTE
MUNDO PET;9609208;4305108;RS;NOSSA SENHORA DE FATIMA
MINI MERCADO ALTOS DE GALOPOLIS;4712100;4305108;RS;GALOPOLIS
MERCADO DAS MANAS;4712100;4305108;RS;NOSSA SENHORA DE FATIMA
FIDELITTA ESTETICA ANIMAL;9609208;4305108;RS;RIO BRANCO
TCHE VEGANO;4712100;4305108;RS;PIO X
MULLY PET;4789004;4305108;RS;CRUZEIRO
PADARIA PANAZZOLO;4712100;4305108;RS;PANAZZOLO
FERRAGEM DAS HORTENCIAS;9609208;4305108;RS;JARDIM DAS HORTENCIAS
MINI MERCADO DO ROIJ;4712100;4305108;RS;DESVIO RIZZO
PET VIP TRANSPORTES;9609208;4305108;RS;SALGADO FILHO
NA BRASA;4712100;4305108;RS;SANTA FE
MONTANARI & SARTORI DISTRIBUIDORA;4691500;4305108;RS;SANTA CATARINA
MERCEARIA BIGARELLA;4712100;4305108;RS;CENTRO
TUO CANE;4789004;4305108;RS;ESPLANADA
MINIMERCADO SANTA RITA;4712100;4305108;RS;SAO CIRO
EDUARDO LUCKMANN;9609208;4305108;RS;SAGRADA FAMILIA
ALINES. COMERCIO E SERVICOS;4789004;4305108;RS;SAO LUIZ
LILIANE DA SILVA - CLINICA E CIRURGIA VETERINARIA;7500100;4305108;RS;PANAZZOLO
LEONARDO HOFFMANN MATOS;9609208;4305108;RS;PLANALTO
PET DA AMANDA;9609208;4305108;RS;RIO BRANCO
MERCADO LO VIC;4712100;4305108;RS;DESVIO RIZZO
PARADA CERTA SALA B;4712100;4305108;RS;NOSSA SENHORA DAS GRACAS
ALVES BEBIDAS;4712100;4305108;RS;NOSSA SENHORA DO ROSARIO
PET BOSSARDI;9609208;4305108;RS;NOSSA SENHORA DA SAUDE
DAI GRAFF;9609208;4305108;RS;SAO LEOPOLDO
FIHOS MEUS;9609208;4305108;RS;CHARQUEADAS
VITORIA PETS BEAUTY;9609208;4305108;RS;SAO LUIZ
DENISE MATOS;9609208;4305108;RS;CIDADE NOVA
DM ESTETICA DE ANIMAIS;9609208;4305108;RS;BELA VISTA
CT PH LIMA;9609207;4305108;RS;CENTENARIO
ESTABELECIMENTO DO GRINGO;4789004;4305108;RS;NOSSA SENHORA DO ROSARIO
ERICK BORGES;9609208;4305108;RS;JARDELINO RAMOS
MERCADO BARRACAO;4712100;4305108;RS;SANTA FE
NETUNO AQUARIOS E FONTES;4789004;4305108;RS;NOSSA SENHORA DE LOURDES
EDU RACOES;4789004;4305108;RS;PANAZZOLO
PLANETA PET;4789004;4305108;RS;BELA VISTA
BIG FESTA;4711302;4305108;RS;NOSSA SENHORA DE LOURDES
MERCADO ESPLANADA;4712100;4305108;RS;ESPLANADA'
ANIMALI - CENTRO MEDICO VETERINARIO LTDA.;7500100;4305108;RS;MADUREIRA
MERCADO IDEAL;4712100;4305108;RS;N SRA DE FATIMA
MERCADO JS;4712100;4305108;RS;SANTA FE
MERCEARIA RIGON;4712100;4305108;RS;SAO PELEGRINO
PATAS DE OURO;4789004;4305108;RS;NOSSA SENHORA DE FATIMA
SACOLAO SAO PELEGRINO;4712100;4305108;RS;SAO PELEGRINO
MUNDO ANIMAL PET SHOP LTDA.;9609208;4305108;RS;UNIVERSITARIO
SUPER ECONOMICO;4712100;4305108;RS;BELA VISTA
J C COMERCIO DE BEBIDAS;4789004;4305108;RS;D PEDRO I
MERCADOS RENUS;4711302;4305108;RS;SAO VITOR COHAB
COMERCIO DE ALIMENTOS DEZTRO LTDA;4712100;4305108;RS;SANTA CATARINA
POLETTO NUTRICAO ANIMAL;4789004;4305108;RS;SAO LUIZ
MINI MERCADO TELES;4712100;4305108;RS;PLANALTO
BHAO MIO;9609208;4305108;RS;MADUREIRA
ACOUGUE E MERCADO DO PARQUE;4712100;4305108;RS;SAO JOSE
PELUDOS & CIA;7500100;4305108;RS;RIO BRANCO
MERCADO PAZINI;4712100;4305108;RS;CIDADE NOVA
TENDA E ARTESANATO;4712100;4305108;RS;VILA SECA
SUPERMERCADO CONDOR;4711302;4305108;RS;SAO PELEGRINO
AGRO RIOSUL;4789004;4305108;RS;PLANALTO
MINI MERCADO MIRANDA;4712100;4305108;RS;CIDADE NOVA
COBASI;4789004;4305108;RS;SANVITTO
GHENO MERCADO ACOUGUE E PADARIA;4712100;4305108;RS;ANA RECH
ARMAZEM KLEIN;4712100;4305108;RS;SANTA CATARINA
REIS;4712100;4305108;RS;NOSSA SENHORA DAS GRACAS
MERCADO COSTA;4712100;4305108;RS;CIDADE NOVA
FRANGO CARIJO ATACADO E VAREJO DE FRANGOS;4712100;4305108;RS;KAYSER
CONSULTORIO VETERINARIO DRA. ALINE FORTI;7500100;4305108;RS;FORQUETA
PET SHOP CANTINHO DO MASCOTE;9609208;4305108;RS;SAO JOSE
APETITO CULINARIA PET;4789004;4305108;RS;SAMUARA
DURAN TELE TRAGO;4712100;4305108;RS;ESPLANADA
FOLIA PET;9609208;4305108;RS;DESVIO RIZZO
MS RACOES;4789004;4305108;RS;JARDELINO RAMOS
MERCEARIA BORGES;4712100;4305108;RS;PLANALTO
CLEUSA DALLE MOLLE;4789004;4305108;RS;SANTA CATARINA
ATELIE DOS PETS;9609208;4305108;RS;CENTRO
PET SHOP SANTA LUCIA;9609208;4305108;RS;SANTA CATARINA
DORIGATTI & DORIGATTI COM DE PRODUTOS ALIMENTICIOS;4711302;4305108;RS;BRANDALISE
COMERCIAL ZAFFARI LTDA;4711302;4305108;RS;CIDADE NOVA
PONTO CERTO;4712100;4305108;RS;CHARQUEADAS
SACOLAO MADUREIRA;4712100;4305108;RS;MADUREIRA
MERCADO PIETROBELLI;4712100;4305108;RS;SAO CIRO
MERCADO KELLERMANN;4712100;4305108;RS;DESVIO RIZZO
BARBER DOG;9609208;4305108;RS;EXPOSICAO
MERCADO 3M;4712100;4305108;RS;DESVIO RIZZO
EQMED EXPRESS;4644302;4305108;RS;CRUZEIRO
LANCHERIA E FRUTEIRA PELLENZ;4712100;4305108;RS;KAYSER
VAL MASSAS LTDA;4712100;4305108;RS;CIDADE NOVA
PETS DA GALAXIA;9609208;4305108;RS;PRESIDENTE VARGAS
FRATERNIDADE DOS PETS;9609208;4305108;RS;SAO PELEGRINO
ALINE MERCEARIA;4711302;4305108;RS;SANTA LUCIA DO PIAI
FERRAGEM E AGROPECUARIA GALOPOLIS;4771704;4305108;RS;GALOPOLIS
FLORA PET ESTETICA ANIMAL;9609208;4305108;RS;UNIVERSITARIO
MERCADO AGROPET;4623109;4305108;RS;BELA VISTA
MERCERIA CONFIANCA;4712100;4305108;RS;CINQUENTENARIO
MARTINS;4712100;4305108;RS;NOSSA SENHORA DAS GRACAS
R.S. AGROPET LTDA;4789004;4305108;RS;BELA VISTA
MINIMAL CUIDADO ANIMAL;9609208;4305108;RS;CRUZEIRO
RACOES DREHER;4789004;4305108;RS;NOSSA SENHORA DAS GRACAS
MAGIA DO PELO;4789004;4305108;RS;ESPLANADA
AMANDA VIANA;9609208;4305108;RS;KAYSER
PET DARLING SHOW;9609208;4305108;RS;ESPLANADA
PET FRIEND CLUB;9609208;4305108;RS;SANVITTO
MERCADINHO DO JAPA;4712100;4305108;RS;NOSSA SENHORA DE FATIMA
MERCEARIA BUDEGUINHA;4712100;4305108;RS;SANTA CATARINA
GIGI STUDIO PET;9609208;4305108;RS;MARECHAL FLORIANO
LANCHES BETY;4712100;4305108;RS;CHARQUEADAS
BEL MERCEARIA;4712100;4305108;RS;SAO LUIZ
ELAINE DA COSTA RAMOS;4789004;4305108;RS;NOSSA SENHORA DA SAUDE
CHIC DOG PET SHOP;4789004;4305108;RS;NOSSA SENHORA DE LOURDES
AMOR D PETS ESTETICA ANIMAL / FRATERNIDADE DOS PETS;9609208;4305108;RS;SAO PELEGRINO
LUNA ESTETICA ANIMAL;9609208;4305108;RS;DE LAZZER
MINI MERCADO AVENIDA BRASIL;4712100;4305108;RS;JARDIM AMERICA
BECKER PRODUTOS COLONIAIS;4712100;4305108;RS;RIO BRANCO
SALUTE CENTRO VETERINARIO;7500100;4305108;RS;PIO X
MINI MERCADO DE ZORZI;4712100;4305108;RS;DIAMANTINO
HARYANNE MUNIZ;9609208;4305108;RS;BELA VISTA
CAFOFO DOS PETZ;9609208;4305108;RS;SAO CRISTOVAO
MINI MERCADO FORQUETA;4712100;4305108;RS;FORQUETA
COMERCIAL BORGES AGROPECUARIA ACESSORIOS E RACOES;4789004;4305108;RS;KAYSER
PET LOVE;9609208;4305108;RS;INTERLAGOS
ECO DECORE;4789004;4305108;RS;CRUZEIRO
KANAKE MULTIALIMENTOS;4691500;4305108;RS;CRUZEIRO
SHERON MODA PET;4789004;4305108;RS;SAO CRISTOVAO
A.B.OLIVEIRA VET;7500100;4305108;RS;SANTO ANTONIO
CANILLIFEPET;0159802;4305108;RS;SANTO ANTONIO
WILLIAM VASQUES;7500100;4305108;RS;NOSSA SENHORA DA SAUDE
LUDCARV;4789004;4305108;RS;SANTA CATARINA
MINI MERCADO E PADARIA DA GRINGA;4712100;4305108;RS;KAYSER
CASA DO PET BANHO E TOSA;9609208;4305108;RS;VILA SECA
PET SHOP ALICE;0159802;4305108;RS;ESPLANADA
CT RAFAEL TERRA;9609208;4305108;RS;VILA SECA
DOMDOGS;4771704;4305108;RS;UNIVERSITARIO
ESPACO PET BANHO E TOSA;9609208;4305108;RS;JARDIM AMERICA
FAUNA SOUND;7500100;4305108;RS;SAO VICTOR COHAB
LUAU BANHO E TOSA;9609208;4305108;RS;RIO BRANCO
ACONCHEGO PETCARE;9609208;4305108;RS;ESPLANADA
BANCA 70;4712100;4305108;RS;CRISTO REDENTOR
M.P PADARIA E MINI MERCADO;4712100;4305108;RS;CIDADE NOVA
BARBER DOG;9609208;4305108;RS;DESVIO RIZZO
MERCADO CHARRUA;4712100;4305108;RS;ESPLANADA
REIS REPRESENTACOES;4789004;4305108;RS;JARDELINO RAMOS
BATISTA;4712100;4305108;RS;CHARQUEADAS
MERCADO LIMA;4712100;4305108;RS;SANTA CATARINA
ALEXANDRA PAIM CECATTO;4789004;4305108;RS;SAO CRISTOVAO
IRMAO BICHO;9609208;4305108;RS;SANTA CATARINA
BIBIANA FELICIA'S ESTETICA ANIMAL;9609208;4305108;RS;RIO BRANCO
EMPORIO DAS RACOES;4789004;4305108;RS;NOSSA SENHORA DE LOURDES
MINIMERCADO MARCOS;4712100;4305108;RS;SANTA FE
FABI PET HOUSE;9609208;4305108;RS;INTERLAGOS
TMRD;4789004;4305108;RS;PANAZZOLO
BARBER DOG;9609208;4305108;RS;CENTRO
BAR GILMAR;4712100;4305108;RS;NOSSA SENHORA DAS GRACAS
CONVRE MULTICOMERCIO;4712100;4305108;RS;PIO X
ALEMIX;4691500;4305108;RS;RIO BRANCO
SUPER CRISAN;4711302;4305108;RS;ESPLANADA
CARINHOS PET SERVICOS DE BANHO E TOSA L;9609208;4305108;RS;ESPLANADA
CONSULTORIO VETERINARIO MEDIANEIRA;7500100;4305108;RS;MEDIANEIRA
SENCER SERVIS E COMERCIO;4712100;4305108;RS;ANA RECH
STOK CENTER;4711301;4305108;RS;SAGRADA FAMILIA
MERCADO VITORIA REDE DAX;4712100;4305108;RS;SANTA CATARINA
CHEILA NIENOW;9609208;4305108;RS;SAO CAETANO
CMV EMPRESA;9609208;4305108;RS;CHARQUEADAS
MERCEARIA SANTA EDWIGES;4712100;4305108;RS;SANTA CATARINA
AGROPET WD MELO;4789004;4305108;RS;CIDADE NOVA
EDIANE LANG;9609208;4305108;RS;DESVIO RIZZO
AUREA KAMINSKI REPRESENTACOES;4789004;4305108;RS;CIDADE NOVA
EMPORIO IMIGRANTE;4712100;4305108;RS;NOSSA SENHORA DE LOURDES
EMPORIO DAS CARNES;4712100;4305108;RS;DE LAZZER
KEFOFUXOS;9609208;4305108;RS;DESVIO RIZZO
ABC PET SHOP;9609208;4305108;RS;CRUZEIRO
MERCEARIA ALVES;4712100;4305108;RS;CHARQUEADAS
MUNDO APARTE CAXIAS;7500100;4305108;RS;CENTRO
RBC NEUROFTALMOLOGIA VETERINARIA;7500100;4305108;RS;PETROPOLIS
AGROPET CANTO VERDE;4789004;4305108;RS;DIAMANTINO
GUSTAVO MARQUES DE FREITAS;8011102;4305108;RS;CHARQUEADAS
PET LIFE;9609208;4305108;RS;NOSSA SENHORA DE LOURDES
MERCADO KL;4712100;4305108;RS;SANTA FE
COMARIM SUPERMERCADOS;4711302;4305108;RS;ESPLANADA
FRUTEIRA LUIGUI;4712100;4305108;RS;KAYSER
SACOLAO DA FAMILIA;4712100;4305108;RS;BELA VISTA
PRETTY DOG - ATELIE DE BANHO E TOSA;9609208;4305108;RS;SANTA FE
PELUOSA PET SHOP;4789004;4305108;RS;PLANALTO
MULTI VILLAGIO;4711302;4305108;RS;SANTA CATARINA
SANTOS DIVERSOS;4712100;4305108;RS;PIONEIRO
LEONARDO MARTINI;9609208;4305108;RS;SALGADO FILHO
GUSTAVO SILVA;9609208;4305108;RS;CIDADE NOVA
BABA DE PETS IVANA;9609208;4305108;RS;PETROPOLIS
CINTIA RIBEIRO;4712100;4305108;RS;VILA SECA
VIDI AVES ORNAMENTAIS;0159802;4305108;RS;SAO LUIZ
A CASA DO LORD;0159802;4305108;RS;NOSSA SENHORA DE LOURDES
ARMAZEM 3828;4712100;4305108;RS;BELA VISTA
SOLDERA AGROPECUARIA;4789004;4305108;RS;NOSSA SRA. LOURDES
NESS;4712100;4305108;RS;DESVIO RIZZO
BAR MEDIANEIRA;4712100;4305108;RS;MEDIANEIRA
BAR DO PEDRAO;4712100;4305108;RS;DIAMANTINO
DOG VILLE;9609208;4305108;RS;SETIMA LEGUA
BAR E ARMAZEM SCHIAVO;4712100;4305108;RS;CRUZEIRO
BICHANO VETERINARIA E PET SHOP;4789004;4305108;RS;BELA VISTA
TORDILHO NEGRO AGROPECUARIA;4789004;4305108;RS;SAO CIRO
MULTIFERNANDES;4711302;4305108;RS;SAO JOSE
BAR E ARMAZEM SERRANO;4712100;4305108;RS;SAO CAETANO
FISCHER DISTRIBUIDORA;4712100;4305108;RS;BELA VISTA
MERCADO MIFRAM;4712100;4305108;RS;RIO BRANCO
ARMAZEM DO CAMPO AGROPECUARIA;4789004;4305108;RS;SAO LEOPOLDO
MINI MERCADO DACOI;4712100;4305108;RS;NOSSA SENHORA DE FATIMA
O BOTECARIO;4712100;4305108;RS;PRESIDENTE VARGAS
MERCADO BIBERG;4712100;4305108;RS;DESVIO RIZZO
JOSE VALDEVIR;4712100;4305108;RS;ANA RECH
MINI MERCADO H.S.;4712100;4305108;RS;DESVIO RIZZO
MINI MERCADO BOM GOSTO DFP.;4712100;4305108;RS;CIDADE NOVA
CENTRO VETERINARIO MURIALDO;7500100;4305108;RS;ANA RECH
REVITALLE PET;7500100;4305108;RS;SAGRADA FAMILIA
MERCADO GAUCHO;4712100;4305108;RS;PRESIDENTE VARGAS
CORREA EMPREENDIMENTOS;4789004;4305108;RS;SAO CRISTOVAO
SAPARINHAS PET SHOP;4789004;4305108;RS;SAO JOSE
POINT DA BOLA ALMOCO, VIANDA, LANCHES E BEBIDAS;4712100;4305108;RS;SALGADO FILHO
MERCEARIA SAO CRISTOVAO;4712100;4305108;RS;SAO CRISTOVAO
PET STOP;4789004;4305108;RS;PIO X
FRUTEIRA E MERCEARIA DO INDIO;4712100;4305108;RS;CRISTO REDENTOR
MERCEARIA DELICIATA;4712100;4305108;RS;SAO CAETANO
MERCADO LUCENA;4712100;4305108;RS;SANTA FE
CLINICA MEDICO VETERINARIA;7500100;4305108;RS;CRUZEIRO
CASA DE RACOES DECO;4789004;4305108;RS;PLANALTO
ESTACAO ZEN PET SHOP;4789004;4305108;RS;DESVIO RIZZO
BICHOMANIA;4789004;4305108;RS;NOSSA SENHORA DE LOURDES
AGROPECUARIA, FERRAGEM E BAZAR BH;4789004;4305108;RS;SANTA FE
ARMAZEM CARAVAGGIO;4712100;4305108;RS;NOSSA SENHORA DE FATIMA
SO PRANIMAIS;4789004;4305108;RS;ESPLANADA
AGROPET COMPANY;4789004;4305108;RS;NOSSA SENHORA DO ROSARIO
COMANDUS K9 ADESTRAMENTO;9609207;4305108;RS;NOSSA SENHORA DE FATIMA
MERCADO SEGALA;4712100;4305108;RS;BRANDALISE
MIX IPIRANGA;4712100;4305108;RS;ESPLANADA
ESQUINA DA RACAO;4789004;4305108;RS;RIO BRANCO
PET SHOP ANIMANIIA;4789004;4305108;RS;SAO PELEGRINO
LOVE PETS;9609208;4305108;RS;CRUZEIRO
MERCADO ZEUS;4712100;4305108;RS;CIDADE NOVA
SANCHEZ DISTRIBUIDORA;4691500;4305108;RS;PETROPOLIS
AGROPET ARMAZEM DOS BICHOS;4789004;4305108;RS;KAYSER
TIO CAMBA MERCEARIA E CONVENIENCIAS;4712100;4305108;RS;SERRANO
COMUNIDADE CORACAO ANIMAL;4789004;4305108;RS;CENTRO
CT NATHAN SOUZA;0159802;4305108;RS;SAMUARA
CPET DISTRIBUIDORA DO BRASIL;4789004;4305108;RS;EXPOSICAO
AGROGRAFE;4789004;4305108;RS;JARDELINO RAMOS
LAGUERRE;4712100;4305108;RS;UNIVERSITARIO
SUPER RIO BRANCO;4711302;4305108;RS;MARECHAL FLORIANO
F.I REPRESENTACOES;4712100;4305108;RS;MARECHAL FLORIANO
MASCOTY;9609208;4305108;RS;PANAZZOLO
CUSCO PET SHOP;9609208;4305108;RS;CIDADE NOVA
BICHOS E CAPRICHOS;9609208;4305108;RS;CRUZEIRO
FEIRA DE PASCOA GRAMADOWAY;4712100;4305108;RS;SANTA CATARINA
DOG DREAMS;9609208;4305108;RS;RIO BRANCO
EMPORIO DAS FRUTAS;4712100;4305108;RS;DESVIO RIZZO
PET CONCEPT;9609208;4305108;RS;SANVITTO
MERCADO NOVO SUPER;4712100;4305108;RS;SAO CRISTOVAO
PETVILA;9609208;4305108;RS;PLANALTO
MINI MERCADO PRIMAVEIRA;4712100;4305108;RS;PIONEIRO
DINDA LACOS PET;4789004;4305108;RS;SAO JOSE
MINI MERCADO PLANALTO;4712100;4305108;RS;PLANALTO
MERCADO ALTO DA SERRA;4712100;4305108;RS;ALTOS DE GALOPOLIS
RECREA PET HOTEL;9609207;4305108;RS;NOSSA SENHORA DA SAUDE
CANTITO;4712100;4305108;RS;SAO LUIZ
MINI MERCADO EMANUEL;4712100;4305108;RS;CHARQUEADAS
VETERINARIA SAO LEOPOLDO;4789004;4305108;RS;SAO LEOPOLDO
JR CASQUEAMENTO E FERRAGEAMENTO;9609208;4305108;RS;ESPLANADA
CENTRAL DE RACOES;4789004;4305108;RS;CINQUENTENARIO
SACOLAO PIERI;4712100;4305108;RS;SAO CIRO
PATINHAS DE LUXO;9609208;4305108;RS;ANA RECH
ROTA DO DOCE;4712100;4305108;RS;NOSSA SENHORA DE FATIMA
SER CALIFORNIA;4712100;4305108;RS;ESPLANADA
MEU PET CLINICA VETERINARIA;7500100;4305108;RS;DESVIO RIZZO
AGROPET RC;9609208;4305108;RS;CINQUENTENARIO
AGROPECUARIA FUHR;4789004;4305108;RS;SANTA CORONA
CENTRO ESTETICO ANIMAL HENTZ;9609208;4305108;RS;PLANALTO
MERCEARIA JP;4712100;4305108;RS;ESPLANADA
CARINHOS PET SHOP;9609208;4305108;RS;PLANALTO
CASA DE CARNES ALTAS HORAS;4712100;4305108;RS;PIO X
FUBIKA MINI MERCADO;4712100;4305108;RS;JARDIM AMERICA
CONCEITO ANIMAL;4789004;4305108;RS;SAO PELEGRINO
SUPERMERCADO PERONDI;4711302;4305108;RS;FAZENDA SOUZA
MINI MERCADO OLIVEIRA;4712100;4305108;RS;SAO VICTOR COHAB
MERCADO NEGRINHO;4712100;4305108;RS;PIONEIRO
SALAO DUS BICHOS;9609208;4305108;RS;JARDIM AMERICA
TELA KIDS - REDES DE PROTECAO;4789004;4305108;RS;SAO LEOPOLDO
HOTELARIA DE EQUINOS CASTILHOS;9609207;4305108;RS;SAO CRISTOVAO
INVERNADA DA VASSOURA;7500100;4305108;RS;VILA SECA
CARNES & CIA PREMIUN;4712100;4305108;RS;SANTA CATARINA
RIMPET;7500100;4305108;RS;NOSSA SENHORA DE LOURDES
BARU PET SHOP;9609208;4305108;RS;JARDIM AMERICA
ITHIANA GASPARIN;9609208;4305108;RS;MARECHAL FLORIANO
EDU RACOES;4789004;4305108;RS;CENTRO
BIONER AGRO E RACOES;4789004;4305108;RS;ESPLANADA
INSTRUDOG;9609207;4305108;RS;ANA RECH
MERCEARIA QUETAL E BAZAR;4712100;4305108;RS;PLANALTO
AGROPET LAZARETTI;4789004;4305108;RS;NOSSA SENHORA DA SAUDE
PET LOVERS;9609208;4305108;RS;DE LAZZER
DOG SPA PET SHOP;9609208;4305108;RS;JARDIM AMERICA
MERCADO BIRCK;4712100;4305108;RS;MEDIANEIRA
CHACARA DAS PATINHAS;9609208;4305108;RS;DISTRITO RURAL DE CRIUVA
MERCEARIA GAUDERIO;4712100;4305108;RS;ESPLANADA
ALEMAO AGROPECUARIO;4789004;4305108;RS;CHARQUEADAS
VIRTUAL GOLD;4789004;4305108;RS;NOSSA SENHORA DAS GRACAS
SACOLAO COLONIAL;4712100;4305108;RS;CENTRO
N B AGROPECUARIA;4789004;4305108;RS;NOSSA SENHORA DE FATIMA
CARDIOMEDVET;7500100;4305108;RS;SANTA CATARINA
ESPACO PET;9609208;4305108;RS;ESPLANADA
CABANHA VERON;0159802;4305108;RS;CRIUVA
TRIUNFO PET SHOP;9609208;4305108;RS;NOSSA SENHORA DO ROSARIO
PADARIA LA FLORA;4712100;4305108;RS;ANA RECH
SUPERMERCADO SOLARIUM;4711302;4305108;RS;ANA RECH
MERCADO ALPES;4712100;4305108;RS;NOSSA SENHORA DAS GRACAS
FRUTEIRA TERRA BOA LTDA;4712100;4305108;RS;PANAZZOLO
ZAGO PRODUTOS VETERINARIOS;4771704;4305108;RS;SAO VIRGILIO
SERRASUL RACOES;4789004;4305108;RS;INTERLAGOS
MERCADO ECONOMICO PLANALTO;4712100;4305108;RS;PLANALTO
RANCHO DA SERRA;4712100;4305108;RS;CRUZEIRO
BAR & MINI MERCADO RAMBO;4712100;4305108;RS;JARDELINO RAMOS
JUBA CANINA;9609208;4305108;RS;SALGADO FILHO
TENDA DA VANDA;4712100;4305108;RS;NOSSA SENHORA DE LOURDES
CASA DOS PETS;4789004;4305108;RS;SERRANO
BANHO E TOSA BELLO CAO;9609208;4305108;RS;SANTA CATARINA
PET DA PA;9609208;4305108;RS;CRUZEIRO
ESPACO DOS BICHOS RACOES E ACESSORIOS;4789004;4305108;RS;JARDIM ELDORADO
PET SITTER CUIDADORA A DOMICILIO;9609208;4305108;RS;MARECHAL FLORIANO
AMANDA VP;9609208;4305108;RS;NOSSA SENHORA DO ROSARIO
VETIS CENTRO DE ANALISES VETERINARIA;7500100;4305108;RS;RIO BRANCO
DOCE SABOR;4712100;4305108;RS;SANTA FE
FRUTEIRA DELFES;4712100;4305108;RS;ESPLANADA
RECANTO DA TERRA;0159802;4305108;RS;BRANDALISE
MERITA PET CARE;4789004;4305108;RS;PLANALTO
SUPERMERCADO SECULO XX;4712100;4305108;RS;SECULO XX
MERCADO CIDADE NOVA;4712100;4305108;RS;CIDADE NOVA
KASTELAO SUPERMERCADOS;4711302;4305108;RS;PANAZZOLO
MERCADO IDEAL;4712100;4305108;RS;RIO BRANCO
ADES COMERCIO E REPRESENTACOES;4623109;4305108;RS;CINQUENTENARIO
SHALAUER;4712100;4305108;RS;CHARQUEADAS
MERCADO VINHEDOS;4711302;4305108;RS;N. SRA  DA SAUDE
PARENTI;4712100;4305108;RS;RIO BRANCO
MERCADO MONTEIRO;4712100;4305108;RS;VILA IPE
SUPER FARAON;4712100;4305108;RS;SERRANO
DECODOGCARE;9609208;4305108;RS;CRISTO REDENTOR
MINHA QUITANDINHA;4712100;4305108;RS;CHARQUEADAS
ALTAS HORAS BEBIDAS E LANCHES;4712100;4305108;RS;SAO LEOPOLDO
MINI MERCADO DA MARLEI;4712100;4305108;RS;CIDADE NOVA
CLINICA VETERINARIA SALVARE;7500100;4305108;RS;BELA VISTA
SACOLAO REDE;4712100;4305108;RS;PLANALTO
MV TERECERIZACAO DE SERVICOS VETERINARIOS;7500100;4305108;RS;NOSSA SENHORA DE LOURDES
BEM-ESTAR;4789004;4305108;RS;PIO X
MENDES MERCEARIA;4712100;4305108;RS;ANA RECH
ARMAZEM DOCE TENTACAO;4712100;4305108;RS;SALGADO FILHO
MERCADO DANI;4712100;4305108;RS;DESVIO RIZZO
M. BORGES;4712100;4305108;RS;BRANDALISE
PET SHOP;4789004;4305108;RS;DESVIO RIZZO
MERCADO O TREVO;4712100;4305108;RS;PLANALTO
EMPORIO ATHENA;4712100;4305108;RS;SANVITTO
MERCEARIA;4712100;4305108;RS;SANTA FE
UNIAO MERCADO;4712100;4305108;RS;BELA VISTA
BANHO E TOSA JENI;9609208;4305108;RS;DIAMANTINO
VISAO DIFERENTE;4712100;4305108;RS;ESPLANADA
CAPIVARAS ESTETICA ANIMAL;9609208;4305108;RS;ESPLANADA
GUSTAVO LUZ;9609208;4305108;RS;PRESIDENTE VARGAS
SACOLAO KAISER LTDA;4712100;4305108;RS;KAYSER
ANDRES BANHO E TOSA;9609208;4305108;RS;EXPOSICAO
AGROPECUARIA SANTA MARTA;4789004;4305108;RS;ESPLANADA
POSSEIDON;4789004;4305108;RS;NOSSA SENHORA DE FATIMA
MERCADO LUCENA;4711302;4305108;RS;DISTRITO INDUSTRIAL
GINESA;4639702;4305108;RS;NOSSA SENHORA DE FATIMA
HOSPITAL VETERINARIO VITTA DE BICHO;7500100;4305108;RS;EXPOSICAO
K ROMES;4623109;4305108;RS;NOSSA SENHORA DE LOURDES
DOCTOR DOG;4771704;4305108;RS;MARECHAL FLORIANO
BASSO;9609208;4305108;RS;DESVIO RIZZO
MINI BORGES;4712100;4305108;RS;JARDELINO RAMOS
GIOVANI DE LIZ ADESTRADOR CANINO;9609207;4305108;RS;EXPOSICAO
BANHO E TOSA DA MARY;9609208;4305108;RS;SAO LEOPOLDO
RACOES LUZ;4789004;4305108;RS;CENTENARIO
MERCEARIA MRL;4712100;4305108;RS;SANTA CATARINA
CHARLOTTE PET SPA;9609208;4305108;RS;SAO PELEGRINO
BANHO E TOSA ARMAZEM DOS BICHOS;8011102;4305108;RS;KAYSER
CLINICA VETERINARIA POPULAR VITORIA STALLVIERI LTDA;7500100;4305108;RS;JARDIM ELDORADO
S;4789004;4305108;RS;SANTA CATARINA
LUCIA COLOMBO;4789004;4305108;RS;BELA VISTA
MERCADINHO DA DEIA;4712100;4305108;RS;CENTRO
JAMES DOG LOVE;4789004;4305108;RS;SANTA CATARINA
SEIDLER MINI MERCADO;4789004;4305108;RS;BELA VISTA
PET DO JUNIOR;9609208;4305108;RS;PIO X
RACOES CAROL;4789004;4305108;RS;JARDIM ELDORADO
YASMIN HOUSE;9609208;4305108;RS;JARDIM AMERICA
VETIS CENTRO DE ANALISES VETERINARIAS;7500100;4305108;RS;MEDIANEIRA
PET DA ANE;9609208;4305108;RS;ESPLANADA
BAR AEROPORTO;4712100;4305108;RS;ESPLANADA
AGRO GOBETTE;4789004;4305108;RS;SANTA FE
ROMANA RACOES E ACESSORIOS;4789004;4305108;RS;PIO X
MERCEARIA DA NENA;4712100;4305108;RS;NOSSA SENHORA DE FATIMA
FRANCINE ASSESSORIA DE CNC;4789004;4305108;RS;DE LAZZER
ANA CAROLINA;4789004;4305108;RS;SAO LEOPOLDO
CAO LIMPO PETSHOP;9609208;4305108;RS;CRUZEIRO
CLUBINHO ANIMAL;7500100;4305108;RS;CENTRO
ELITESHOPE MUNDO ANIMAL;4789004;4305108;RS;SANTA CATARINA
GABRIELA DIAS KRAUZE;7500100;4305108;RS;SANTA CATARINA
MIO MERCATO;4712100;4305108;RS;CENTRO
NATI AGROPECUARIA;4789004;4305108;RS;NOSSA SENHORA DE FATIMA
AVALIMENTOS;4712100;4305108;RS;SANTA CATARINA
SUPERMERCADO PIETROBELLI;4712100;4305108;RS;FORQUETA
ALEXANDRA ESTETICA ANIMAL;9609208;4305108;RS;SAO PEDRO DA TERCEIRA LEGUA
BELISSIMA PET;9609208;4305108;RS;SANTA CATARINA
ARTE SHOPPE CAXIAS;4712100;4305108;RS;SANTA CATARINA
PETLANDIA;7500100;4305108;RS;JARDIM AMERICA
POP PET CENTER;4623109;4305108;RS;SANVITTO
BOLICHO ROTA DOS TROPEIROS;4712100;4305108;RS;CRIUVA
VENDINHA DO SOBRADO;4712100;4305108;RS;SAO CAETANO
TIA SI PET SITTER;9609208;4305108;RS;CRISTO REDENTOR
MERCADO DUMONT;4712100;4305108;RS;SALGADO FILHO
TINY TAN PETSHOP;9609208;4305108;RS;ANA RECH
AGROPECUARIA DANELUZ;4789004;4305108;RS;CRUZEIRO
PETS E COMPANHIA;9609207;4305108;RS;CHARQUEADAS
MERCADO DAESQUINA;4712100;4305108;RS;SERRANO
DOC COMERCIO VAREJISTA DE RACOES;4789004;4305108;RS;NOSSA SENHORA DE LOURDES
DUCATI;0159802;4305108;RS;FAZENDA SOUZA
ANIMAL CENTER;9609208;4305108;RS;SAO PELEGRINO
MINI MERCADO LEMES E CHAVES;4712100;4305108;RS;DIAMANTINO
CAROLINA GUERRA MACHADO;9609208;4305108;RS;DESVIO RIZZO
PRO VAC;7500100;4305108;RS;SANTA CATARINA
ARMAZEM BARBOSA;4711301;4305108;RS;SANTOS DUMONT
MINI MERCADO MARTUR;4712100;4305108;RS;UNIVERSITARIO
MINIMERCADO ALECRIM DOURADO;4712100;4305108;RS;SAO VICTOR - COHAB
RESTAURANTE LOPES;4712100;4305108;RS;NOSSA SENHORA DE FATIMA
AGROPECUARIA RUSCELLO;4789004;4305108;RS;ANA RECH
ARMAZEM DUKET'S;4712100;4305108;RS;MARECHAL FLORIANO
AGROPECUARIA NEDEL;4789004;4305108;RS;ESPLANADA
NANVEC;4771704;4305108;RS;EXPOSICAO
BICHO CHEIROSO;9609208;4305108;RS;NOSSA SENHORA DA SAUDE
BARZIN;4712100;4305108;RS;CRUZEIRO
MINI MANDUKA DOCES;4712100;4305108;RS;CENTRO
MERCEARIA DO VEIO;4712100;4305108;RS;CIDADE NOVA
NATI PET BANHO E TOSA;9609208;4305108;RS;CENTRO
POINT ANIMAL;4789004;4305108;RS;NOSSA SENHORA DE LOURDES
PARAISO DAS PATAS PET CARE;9609208;4305108;RS;NOSSA SENHORA DA SAUDE
MERCADO DO LUIS;4712100;4305108;RS;JARDELINO RAMOS
SUPER AMERICA;4711302;4305108;RS;JARDIM AMERICA
PRI KLIPEL PET SHOP;4789004;4305108;RS;SANTO ANTONIO
MERCADO PG;4712100;4305108;RS;CRISTO REDENTOR
CASA DE CARNES E SACOLAO BAREA;4712100;4305108;RS;SAO PELEGRINO
GRIFE DOG;4789004;4305108;RS;SAO PELEGRINO
GIVI ALIMENTOS;4712100;4305108;RS;SANTA CATARINA
MIRIAM TATIANA PREUSSLER;9609208;4305108;RS;KAYSER
MAGIA PET;4789004;4305108;RS;RIO BRANCO
CENTRO DE DIAGNOSTICO PARQUE;7500100;4305108;RS;EXPOSICAO
AQUARIAMA;4789004;4305108;RS;CENTRO
SUPERMERCADO NORDESTE;4711302;4305108;RS;BELA VISTA
SUPER PASQUALI;4712100;4305108;RS;B SAGRADA FAMILIA
MERCADO ECONOMICO;4712100;4305108;RS;PARADA CRISTAL
ARMAZEM BORTOLOTTO;4712100;4305108;RS;MAL FLORIANO
SUPER FORLIN;4711302;4305108;RS;SANTA CATARINA
SACOLAO TROPICAL;4711302;4305108;RS;PIO X
MERCADO NEULS;4712100;4305108;RS;SANTA FE
SUPER BELLAN;4712100;4305108;RS;BELA VISTA
MINIMERCADO CASSIANDRO;4712100;4305108;RS;SANTA FE
PACK'S WAY;9609208;4305108;RS;BELA VISTA
SUPER RIO BRANCO;4711302;4305108;RS;RIO BRANCO
QUEIJARIA E CIA;4712100;4305108;RS;EXPOSICAO
RECREIO DOS BICHOS;9609208;4305108;RS;MARECHAL FLORIANO
MERCADO CV;4712100;4305108;RS;SANTA FE
NI REPRESENTACOES;4712100;4305108;RS;JARDIM DAS HORTENCIAS
LOLLYS PET SHOP;4789004;4305108;RS;SANTA FE
MERCEARIA SOUZA;4712100;4305108;RS;CIDADE NOVA
MERCADO VITORIA 2;4712100;4305108;RS;SAO VICTOR COHAB
MINI MERCADO SUZI;4712100;4305108;RS;CENTENARIO
ARMAZEM POSEBOM;4712100;4305108;RS;LOTEAMENTO CINQUENT
MINI MERCADO DO MANO;4712100;4305108;RS;POR DO SOL
MERCADO PIO X;4712100;4305108;RS;PIO X
SACOLAO NOSTRA GENTE;4712100;4305108;RS;CRUZEIRO
SUPERMERCADO ZARECH LTDA;4711302;4305108;RS;SANTA CATARINA
FRUTEIRA CENTENARIO II;4712100;4305108;RS;CENTENARIO II
MANTOVANI AGRO PET;4789004;4305108;RS;ESPLANADA
BAR E ARMAZEM JOIA;4712100;4305108;RS;SANTA CATHARINA
ALCEU ARMAZEM;4712100;4305108;RS;REOLON
MERCADO DEMICHELI;4712100;4305108;RS;SALGADO FILHO
ACOUGUE DO MARIANI;4711301;4305108;RS;SAGRADA FAMILIA
BAR E ARMAZEM GERVAZIO;4712100;4305108;RS;BELO HORIZONTE
ARMAZEM GAUCHINHA;4712100;4305108;RS;KAYSER
VETERINARIA LANCELOT;7500100;4305108;RS;CRISTO REDENTOR
MINI MERCADO CAMILLO;4712100;4305108;RS;SALGADO FILHO
PATACHIC;9609208;4305108;RS;SERRANO
VET CENTER CAXIAS;4789004;4305108;RS;NOSSA SENHORA DE LOURDES
CANIL DA GRUTA;9609208;4305108;RS;NOSSA SENHORA DAS GRACAS
MINIMERCADO CORDOVA;4712100;4305108;RS;SAO VICTOR COHAB
MERCADO SANTA CLARA;4712100;4305108;RS;ESPLANADA
MERCEARIA FAMILIAR;4712100;4305108;RS;LOTEAMENTO BALLARDIN
SUPER IDEAL;4712100;4305108;RS;NOSSA SENHORA DE FATIMA
MERCEARIA JAQUIRANA;4712100;4305108;RS;GALOPOLIS
CUSCO AMIGO;9609208;4305108;RS;ANA RECH
DOUGDOG;9609208;4305108;RS;NOSSA SENHORA DA SAUDE
MERCADO TODODIA;4712100;4305108;RS;SAO CAETANO
SUPER CENTRAL;4711302;4305108;RS;N. SRA. DE FATIMA
BICHANO CLINICA VETERINARIA;7500100;4305108;RS;BELA VISTA
SUPERMERCADO VIGANO;4711302;4305108;RS;CRUZEIRO
MERCADO SABORE;4712100;4305108;RS;CRISTO REDENTOR
RACA VETERINARIA PET SHOP;9609208;4305108;RS;EXPOSICAO
MERCEARIA DIMAR;4712100;4305108;RS;MEDIANEIRA
CONFORTO ANIMAL;9609208;4305108;RS;NOSSA SENHORA DA SAUDE
MINIMERCADO E PADARIA PINHEIRO;4712100;4305108;RS;MORADA DOS ALPES
MANIA DE BICHO;4789004;4305108;RS;SANTA CATARINA
SUPER BELLUNO;4712100;4305108;RS;SANTA LUCIA DO PIAI
GOSTOS E SABORES;4712100;4305108;RS;CENTRO
KENATY SUPERMERCADO LTDA;4712100;4305108;RS;SANTA FE
DOG & CAT PET SHOP;9609208;4305108;RS;SO JOSE
DOG SHOP RACOES E CIA;4789004;4305108;RS;DESVIO RIZZO
AGROPECUARIA CASAGRANDE;4789004;4305108;RS;MARECHAL FLORIANO
PONTO DOCE;4712100;4305108;RS;SAO CAETANO
MINE MERCADO ANA;4712100;4305108;RS;NOSSA SENHORA DAS GRACAS
PATINHAS ENCANTADAS FOOD;4789004;4305108;RS;CENTRO
PET DA JE;9609208;4305108;RS;FORQUETA
PETSHOP KETY BANHO E TOSA;9609208;4305108;RS;RIO BRANCO
TRADICAO CONVENIENICA;4712100;4305108;RS;JARDIM ELDORADO
JESSICA MARTINS TADEU JESSICA MARTINS;9609208;4305108;RS;BELA VISTA
MERCADO ADRIANO;4712100;4305108;RS;GALOPOLIS
SUPER CRISAN FILIAL 2;4711302;4305108;RS;CHARQUEADAS
MYFAMILY BRASIL;4789004;4305108;RS;SAO JOSE
JEAN LUCAS PADILHA PEREIRA;9609207;4305108;RS;CRISTO REDENTOR
VIA ECONOMIA ATACADISTA;4691500;4305108;RS;MARECHAL FLORIANO
JENIFER NUNES;4712100;4305108;RS;NOSSA SENHORA DAS GRACAS
ITS MERLIN ESTETICA ANIMAL;9609208;4305108;RS;CINQUENTENARIO
IMPULSE NEUROVET;7500100;4305108;RS;PANAZZOLO
MILESKY;4712100;4305108;RS;SAO CAETANO
AGROPET PINHEIRO;4789004;4305108;RS;SANTA CORONA
BAR E MERCADO PRIMAVERA;4712100;4305108;RS;PIONEIRO
CLINICA VETERINARIA GGDP;7500100;4305108;RS;UNIVERSITARIO
GOLDEN KING CLINICA VETERINARIA E PET SHOP;7500100;4305108;RS;SANVITTO
MERCADINHO CARMELO;4712100;4305108;RS;ESPLANADA
OH MY DOG;9609208;4305108;RS;CRISTO REDENTOR
AGROELETRICA CIDADE NOVA;4789004;4305108;RS;CIDADE NOVA
LAUREN LIMA SERVICOS VETERINARIOS;7500100;4305108;RS;NOSSA SENHORA DO ROSARIO
GC GASTROVET;7500100;4305108;RS;NOSSA SENHORA DA SAUDE
CARINHA FOFA;9609208;4305108;RS;JARDIM AMERICA
COMERCIAL LUNA;4789004;4305108;RS;SANTA CATARINA
MERCADO SAO CIRO LTDA;4712100;4305108;RS;DESVIO RIZZO
ARTE DE PETS;4789004;4305108;RS;SANTA CORONA
LAURA DIESEL ONCOVET;7500100;4305108;RS;SAO LUIZ
MERCEARIA FONSECA;4712100;4305108;RS;SERRANO
LUMINA PET SHOP;9609208;4305108;RS;DESVIO RIZZO
GRAN TALIAN;4691500;4305108;RS;NOSSA SENHORA DA SAUDE
BELLPET;9609208;4305108;RS;ESPLANADA
NELIDA PETS;9609208;4305108;RS;CENTRO
DOCE SUCREE;4712100;4305108;RS;BELA VISTA
OLIVER - BANHO E TOSA;9609208;4305108;RS;SALGADO FILHO
VAREJO FORQUETA;4712100;4305108;RS;FORQUETA
TUDO EM RACOES;4789004;4305108;RS;NOSSA SENHORA DE FATIMA
THE DOGS;8011102;4305108;RS;CHARQUEADAS
MERCADO E ACOUGUE ITALIA;4712100;4305108;RS;SAO PELEGRINO
ARMAZEM KERWALD;4712100;4305108;RS;PANAZOLLO
AGROPETS AVENIDA;4789004;4305108;RS;SAO CRISTOVAO
AP AGRO PLANALTO COMERCIO DE RACOES E PEQUENOS ANIMAIS;4789004;4305108;RS;PLANALTO
JPR DISTRIBUIDORA ALIMENTICIA;4712100;4305108;RS;SANTA CATARINA
ROMANA RACOES E ACESSORIOS;4789004;4305108;RS;PIO X
ESPACO PETS;9609208;4305108;RS;SANTO ANTONIO
MERCEARIA MAMPITUBA;4712100;4305108;RS;SERRANO
ESPACO DOG;9609208;4305108;RS;SANTO ANTONIO
1001 RACOES;4789004;4305108;RS;SAO LEOPOLDO
PRIME DOG PET SHOP;9609208;4305108;RS;NOSSA SENHORA DE FATIMA
MM MERCEARIA;4712100;4305108;RS;SANTA FE
AMOR DE QUATRO PATAS;9609208;4305108;RS;NOSSA SENHORA DE FATIMA
DOG CLUB BRASIL;9609207;4305108;RS;RIO BRANCO
PET VINHEDOS CLINICA VETERINARIA;7500100;4305108;RS;NOSSA SENHORA DA SAUDE
GILDA'S ESTETICA ANIMAL;4789004;4305108;RS;EXPOSICAO
MARCOS BERTUOL;9609208;4305108;RS;SERRANO
MARTA;4712100;4305108;RS;BELA VISTA
PETLA;9609208;4305108;RS;DE LAZZER
PONTO CERTO DA RACAO;4789004;4305108;RS;SAO PELEGRINO
MERCADO & ACOUGUE FABER;4712100;4305108;RS;SANTA CATARINA
MINIMERCADO E LANCHERIA OLIVEIRA;4712100;4305108;RS;JARDELINO RAMOS
VIRTUS;7500100;4305108;RS;CENTRO
luis carlos cardoso;9609208;4305108;RS;MARECHAL FLORIANO
NANI;9609208;4305108;RS;CIDADE NOVA
OSTEO & SINTESE;7500100;4305108;RS;MADUREIRA
CASA DA UVA;4712100;4305108;RS;SANTA CATARINA
MERCADO RAMOS;4712100;4305108;RS;JARDIM ELDORADO
MARI&ANA PETS PET SHOP;9609208;4305108;RS;NOSSA SENHORA DO ROSARIO
AQUARIO DA SERRA;4789004;4305108;RS;CINQUENTENARIO
BAZAR ESTRELA GUIA;4712100;4305108;RS;CRIUVA
CLINICA VETERINARIA PIONER;4771704;4305108;RS;CRUZEIRO
MERCADO LUCKY;4712100;4305108;RS;DESVIO RIZZO
AGRO VANIN;4789004;4305108;RS;GALOPOLIS
KBV GENEROS ALIMENTICIOS;4711302;4305108;RS;RIO BRANCO
XIS NOGRAU;4712100;4305108;RS;NOSSA SENHORA DO ROSARIO
HOTELARIA HARMONIA;9609208;4305108;RS;ANA RECH
MINIMERCADO PARQUE DO SOL;4712100;4305108;RS;EXPOSICAO
JORGE4S JARDINS E AFINS E ALGO MAIS;9609207;4305108;RS;NOSSA SENHORA DE LOURDES
GLORIA DE FATIMA CONTE SILVESTRIN;4712100;4305108;RS;PLANALTO RIO BRANCO
HAPPY DOG;9609208;4305108;RS;MEDIANEIRA
ZAFFARI;4711302;4305108;RS;SAO PELEGRINO
JG CONSULTORIA E TREINAMENTOS EM SEGURANCA DO TRABALHO;4789004;4305108;RS;SERRANO
PET BOUTIQUE;9609208;4305108;RS;PANAZZOLO
RENATA CAMARGO;9609208;4305108;RS;INTERLAGOS
WALDAIR FLORISTA;4712100;4305108;RS;CENTRO
MINI MERCADO MARRETA;4712100;4305108;RS;NOSSA SENHORA DE FATIMA
KENNEL ANGELS DE PAWS;0159802;4305108;RS;DESVIO RIZZO
BANHO E TOSA QUATRO FOLHAS;9609208;4305108;RS;SANTA FE
CONQUISTA;4712100;4305108;RS;SANTA CORONA
YUMMY DOG;9609208;4305108;RS;EXPOSICAO
FQZ ALIMENTOS;4712100;4305108;RS;BELA VISTA
MINI MERCADO PARQUE;4712100;4305108;RS;JARDELINO RAMOS
ALESSANDRA GASPARIN RT E CONSULTORIA DE ALIMENTOS;7500100;4305108;RS;NOSSA SENHORA DA SAUDE
CARAMELO SHOP;4789004;4305108;RS;SAO VIRGILIO
HAPPY CATS;4789004;4305108;RS;SAO VIRGILIO
GUSTAVO FRANCO MEDICINA VETERINARIA;7500100;4305108;RS;CINQUENTENARIO
CASA DAS RACOES;4789004;4305108;RS;ESPLANADA
BELL;4712100;4305108;RS;SAO CIRO
DOG'S MANIA PET SHOP;4789004;4305108;RS;NOSSA SENHORA DE FATIMA
MERCADO VARGAS;4712100;4305108;RS;DESVIO RIZZO
MERCADO VIP;4712100;4305108;RS;SANTA CORONA
TERAPIU PET;9609207;4305108;RS;SANTA CATARINA
MINI MERCADO LOPES;4712100;4305108;RS;NOSSA SENHORA DAS GRACAS
TOLEDO E CIA;4711302;4305108;RS;MARECHAL FLORIANO
BOMBOM ESTETICA DE ANIMAIS;9609208;4305108;RS;RIO BRANCO
MISS DOG ESTETICA ANIMAL;9609208;4305108;RS;SANTA FE
BELLA PET;4789004;4305108;RS;BELA VISTA
SUPER MEDIANEIRA;4711302;4305108;RS;MEDIANEIRA
MINI MERCADO RIBEIRO;4712100;4305108;RS;SANTA CATARINA
GUDUAR;4712100;4305108;RS;SAO CRISTOVAO
GIENCO;4691500;4305108;RS;CHARQUEADAS
MERCADO TUNAS;4712100;4305108;RS;VILA OLIVA
ADESTRADOR MATEUS SARTORI;8011102;4305108;RS;BELA VISTA
BASTOS DISTRIBUIDORA PET;4789004;4305108;RS;ESPLANADA
DELICATTO PETZ;9609208;4305108;RS;CINQUENTENARIO
ALINE GALL;9609208;4305108;RS;CINQUENTENARIO
TIDI PET SHOP;9609208;4305108;RS;SAO PELEGRINO
GRIFE DOG;4789004;4305108;RS;CENTRO
PERSONAL PET;9609207;4305108;RS;CRUZEIRO
DAI PET SHOP;9609208;4305108;RS;SAO VICTOR COHAB
ABELU MIMOS SALAO PET;9609208;4305108;RS;NOSSA SENHORA DE FATIMA
MUTT DOG BANHO E TOSA;9609208;4305108;RS;CIDADE NOVA
PET LAR;4789004;4305108;RS;BELA VISTA
VERA;4712100;4305108;RS;SAO GIACOMO
AGROPET CAMPOS;4789004;4305108;RS;PIONEIRO
APRECIARE ARMAZEM DELICATESSEN;4712100;4305108;RS;BELA VISTA
PET CENTER ELDORADO ESTETICA ANIMAL;4789004;4305108;RS;JARDIM ELDORADO
CASA DE RACAO TOM E JERRY;4789004;4305108;RS;NOSSA SENHORA DE FATIMA
BAZAR DA BETI;4712100;4305108;RS;SANTA FE
MERCEARIA JOACIR;4712100;4305108;RS;SANTA CATARINA
TIA GI PETSHOP;9609208;4305108;RS;EXPOSICAO
MERCEARIA MISSIONEIRO;4712100;4305108;RS;ESPLANADA
BEM STAR CENTRO DE ESTETICA ANIMAL;9609208;4305108;RS;PIO X
MINI MERCADO QUADROS;4712100;4305108;RS;SANTA CATARINA
FENIX MS;4712100;4305108;RS;SAO VICTOR COHAB
MARINA BELINOT;9609208;4305108;RS;PETROPOLIS
G&L REPRESENTACOES E SERVICOS;9609208;4305108;RS;SAO VIRGILIO
AGROPET SAO BERNARDO;4789004;4305108;RS;DESVIO RIZZO
MINI MERCADO TOMAZ;4712100;4305108;RS;ANA RECH
ANIMAL LOVE;4789004;4305108;RS;RIO BRANCO
KITANDA DA CLECIR;4712100;4305108;RS;PRESIDENTE VARGAS
AMB_ANIMAIS DO LAR;9609208;4305108;RS;BELA VISTA
GENERAL STORE;4712100;4305108;RS;PLANALTO
MINI MERCADO AEROPORTO;4712100;4305108;RS;ESPLANADA
PET UNIVERSE;4789004;4305108;RS;SANTA FE
PET DA PRETA;9609208;4305108;RS;FORQUETA
BAR E MERCEARIA DO VAVA;4712100;4305108;RS;MARECHAL FLORIANO
MERCEARIA PIFFER;4712100;4305108;RS;FORQUETA
LU PET SHOP;9609208;4305108;RS;LINHA 40
AGROPET CACIAMANI;4789004;4305108;RS;PIONEIRO
PADARIA JORDAN;4712100;4305108;RS;SAO CAETANO
MERCADO PEROTONI;4712100;4305108;RS;ESPLANADA
AMOR DE BICHO;9609208;4305108;RS;ESPLANADA
FRUTEIRA SILVA;4712100;4305108;RS;SANTA FE
MERCEARIA DURAM;4712100;4305108;RS;NOSSA SENHORA DAS GRACAS
THRE DOG COMERCIO DE RACOES;4789004;4305108;RS;SAO CAETANO
SACOLAO DA COLONIA LTDA;4712100;4305108;RS;CRUZEIRO
MERCADO MISSIONEIRO LTDA;4711302;4305108;RS;ANA RECH
MERCEARIA CHAVES;4712100;4305108;RS;SAO LUIZ
TUTTO PAR MANGIARE;4712100;4305108;RS;RIO BRANCO
SUPERMERCADO CONVENIENTE;4712100;4305108;RS;PANAZZOLO
PRO VAC;4771704;4305108;RS;MEDIANEIRA
MERCADO & ACOUGUE FIUZA;4712100;4305108;RS;PLANALTO RIO BRANCO
MERCADO DA MORENA;4712100;4305108;RS;SANTO ANTONIO
DZ DISTRIBUIO E TRANSPORTES;4771704;4305108;RS;RIO BRANCO
MERCADO NOVO SUPER;4712100;4305108;RS;JARDIM IRACEMA
MULTIMERCADO SAFRA;4711302;4305108;RS;ANA RECH
PEQUENUTTI;9609208;4305108;RS;RIO BRANCO
MERCADO DONA ITA;4712100;4305108;RS;DE LAZZER
THUNY PET;4789004;4305108;RS;CRUZEIRO
HOLLYWOOD ESTETICA PET;9609208;4305108;RS;JARDIM ELDORADO
SUPERMERCADO CONVENIENTE;4712100;4305108;RS;PANAZZOLO
SUPER CRISAN;4711302;4305108;RS;BELA VISTA
DOG PLACE RECREACAO;9609208;4305108;RS;CENTRO
RECANTO DOS BICHOS;4789004;4305108;RS;BELA VISTA
MERCADO CAPPELETTI;4712100;4305108;RS;N. SRA. DE LOURDES
MURARO & AZEVEDO LTDA;4712100;4305108;RS;CRIUVA
QUITANDA AMIGA;4711301;4305108;RS;CRISTO REDENTOR
ZAFFARI;4711302;4305108;RS;EXPOSICAO
MERCADO PARQUE VERDE;4712100;4305108;RS;CENTENARIO
HAPPY DOG PET SHOP;9609208;4305108;RS;RIO BRANCO
SUPERMERCADO TONIOLLI;4711302;4305108;RS;JARDIM AMERICA
H.M BETEL COMERCIO VAREJO GERAL;4712100;4305108;RS;FAZENDA SOUZA
STOP DOG VETERINARIA;7500100;4305108;RS;RIO BRANCO
MINI MERCADO PIRES;4712100;4305108;RS;NOSSA SENHORA DO ROSARIO
TIMY ALIMENTOS;4712100;4305108;RS;PIO X
AMY PET;9609208;4305108;RS;SAO CAETANO
MERCADO JEANE;4712100;4305108;RS;SANTA FE
CENTRAL DE RACOES;4623109;4305108;RS;SAO LEOPOLDO
AGROMOTIVO-COMERCIO DE RACOES;4789004;4305108;RS;SANTA CATARINA
MINIMERCADO DO ALEMAO;4712100;4305108;RS;MARECHAL FLORIANO
SACOLAO CHARQUEADAS 24 HORAS;4712100;4305108;RS;CHARQUEADAS
BELAS E FERAS;4789004;4305108;RS;ESPLANADA
MERCADO BH;4712100;4305108;RS;SANTA FE
HEET SMART STORE INTERLAGOS;4712100;4305108;RS;INTERLAGOS
RVL;4789004;4305108;RS;PANAZZOLO
CRIS RIBEIRO COSTURA CRIATIVA;4789004;4305108;RS;CENTRO
AMOR DE LA PET;9609208;4305108;RS;ESPLANADA
EYE CARE OFTALMOLOGIA VETERINARIA;7500100;4305108;RS;SANTA CATARINA
NINA MANIA ACESSORIOS PET;4789004;4305108;RS;BELA VISTA
MINI MERCADO E ACOUGUE BARBOSA;4712100;4305108;RS;SANTA CATARINA
FRAN;4712100;4305108;RS;SANTA FE
KAREN BRAZ SOARES ANESTESISTA VETERINARIA VOLANTE;7500100;4305108;RS;CHARQUEADAS
ESTILO PET;4789004;4305108;RS;SAGRADA FAMILIA
LOJA DO PET;4789004;4305108;RS;SAO VICTOR COHAB
JULIANA ANDRADE;9609208;4305108;RS;SAO VIRGILIO
AGRO RINCAO;4789004;4305108;RS;SAO VICTOR COHAB
NAPOLEAO BURGUER;4712100;4305108;RS;BELA VISTA
DRESS DOG;4789004;4305108;RS;CIDADE NOVA
HELENA ALMEIDA;4789004;4305108;RS;SAO JOSE
PEQUENOS PELUDOS;9609208;4305108;RS;DESVIO RIZZO
ANIMAL HOUSE;7500100;4305108;RS;NOSSA SENHORA DA SAUDE
BARBER DOG;9609208;4305108;RS;MADUREIRA
ARMAZEM DOS BICHOS;4789004;4305108;RS;SERRANO
MERCADO DIEGO;4712100;4305108;RS;JARDIM IRACEMA
BAZAR E MERCEARIA SAO VICENTE;4712100;4305108;RS;JARDIM AMERICA
SUPERMERCADO CONVENIENTE;4712100;4305108;RS;KAYSER
ITALY PET CENTER;9609208;4305108;RS;SAO PELEGRINO
CANIL EZEQUIEL RECH;4789004;4305108;RS;DIAMANTINO
PATAS PET BANHO & TOSA;9609208;4305108;RS;CRUZEIRO
SIQUEIRA ALIMENTOS;4712100;4305108;RS;KAYSER
COMERCIAL HOFFMANN;4789004;4305108;RS;CRUZEIRO
CENTRAL DE AGUAS;4712100;4305108;RS;CIDADE NOVA
SUPER UNIBEM;4711302;4305108;RS;NOSSA SENHORA DE FATIMA
ARMAZEM DA CELO;4712100;4305108;RS;ESPLANADA
A MATILHA PET STORE;4789004;4305108;RS;ESPLANADA
DIVINO CAO;9609208;4305108;RS;DESVIO RIZZO
MINIMERCADO ADRIANA.;4712100;4305108;RS;JARDIM AMERICA
CENTRO DE DOMA E TREINAMENTO CHEGANDO NA SERRA;9609208;4305108;RS;MARILAND
PET FRANCA;9609208;4305108;RS;BELA VISTA
K.B.M. AGRO-COMERCIAL;4771704;4305108;RS;ANA RECH
MERCADO DOS ALPES;4712100;4305108;RS;NOSSA SENHORA DO ROSARIO
SUPERMERCADO MOTTER;4711302;4305108;RS;RIO BRANCO
EMPORIO DAS FRUTAS;4712100;4305108;RS;DESVIO RIZZO
MULTIMERCADOS VILLAGIO;4711302;4305108;RS;SANVITTO
MULTIMERCADOS VILLAGIO;4711302;4305108;RS;PIO X
ARMAZEM SAO PELEGRINO;4712100;4305108;RS;CENTRO
SEM GRUNIDO PET;4789004;4305108;RS;CENTRO
CALKEM;4712100;4305108;RS;CENTENARIO II
MERCEARIA SENS & BECHER;4712100;4305108;RS;CRUZEIRO
SUPER MERCADO ADRIEL LTDA;4712100;4305108;RS;BAIRRO DESVIO RIZZO
ALVO;4712100;4305108;RS;DIAMANTINO
CRISTAL BANHO E TOSA;9609208;4305108;RS;PIONEIRO
FERRAGEM E BAZAR COLINA;4789004;4305108;RS;SANTA FE
AGROPECUARIA;4789004;4305108;RS;NOSSA SENHORA DE FATIMA
PRODUTO DA SERRA COMERCIO DE ALIMENTOS;4712100;4305108;RS;DESVIO RIZZO
MINIMERCADO PAIM;4712100;4305108;RS;PLANALTO
MINNDUCAS;9609208;4305108;RS;ESPLANADA
MINE MERCADO LUCAS;4712100;4305108;RS;SANTA FE
KEVIN MARQUES DE OLIVEIRA;4789004;4305108;RS;CRISTO REDENTOR
MADEAGRO COMERCIAL AGRICOLA;4789004;4305108;RS;DESVIO RIZZO
HORTENCIAS BANHO E TOSA E SERVICOS;9609208;4305108;RS;SERRANO
MERCADO SALMOS;4712100;4305108;RS;NOSSA SENHORA DAS GRACAS
AGROMILANI;4789004;4305108;RS;ESPLANADA
MERCADO AGRO;4789004;4305108;RS;DIAMANTINO
PATINHAS PETSHOP;9609208;4305108;RS;ESPLANADA
ROOLER BURGER;4712100;4305108;RS;PLANALTO
VANE PADILHA PET HAIR STYLIST;9609208;4305108;RS;NOSSA SENHORA DA SAUDE
DINDA'S(0) GROOMING PET CENTRO ESTETICO ANIMAL E AGROPE;9609208;4305108;RS;DESVIO RIZZO
Taiara Berti Atelie de banho e Tosa;9609208;4305108;RS;PIO X
Bazar G&C;4789004;4305108;RS;EXPOSICAO
PANIFICADORA SANTOS;4712100;4305108;RS;SAO LEOPOLDO
NALANDA PET;9609208;4305108;RS;SAO LEOPOLDO
PET PELUDINHOS STYLE;9609208;4305108;RS;CRUZEIRO
COMARIM SUPERMERCADOS;4711302;4305108;RS;CHARQUEADAS
MERCADO DAIANE;4712100;4305108;RS;JARDIM AMERICA
FRUTEIRA DO DANI;4712100;4305108;RS;MARECHAL FLORIANO
LUCIANE CORTE;9609208;4305108;RS;UNIVERSITARIO
MERCADO PADARIA E PASTELARIA TRI BOM;4712100;4305108;RS;SANTO ANTONIO
MERCADO DAL PRA;4712100;4305108;RS;NOSSA SENHORA DAS GRACAS
ENKA BANHO E TOSA E GATIL;0159802;4305108;RS;SANTA CATARINA
MINI MERCADO SABOR DO CAMPO;4712100;4305108;RS;SANTA CATARINA
MERCADO;4712100;4305108;RS;SANTA FE
BELA VISTA;4712100;4305108;RS;CRUZEIRO
PET LACI;9609208;4305108;RS;ANA RECH
KLA;4712100;4305108;RS;NOSSA SENHORA DA SAUDE
LUPI ESTETICA ANIMAL;9609208;4305108;RS;MEDIANEIRA
FUCINHOS PET;9609208;4305108;RS;SERRANO
TATI BANHO E TOSA;9609208;4305108;RS;ESPLANADA
DALLAS MERCADO E FRUTEIRA;4712100;4305108;RS;SAGRADA FAMILIA
ARMAZEM KLEIN;4712100;4305108;RS;SANTA CATARINA
MINI MERCADO FERNANDES;4712100;4305108;RS;JARDELINO RAMOS
MERCADO TODA HORA;4712100;4305108;RS;SAO VICTOR COHAB
NAPOLEAO BURGUER;4712100;4305108;RS;BELA VISTA
SPIRITLAND;4789004;4305108;RS;CINQUENTENARIO
MERCADO PS;4789004;4305108;RS;FAZENDA SOUZA
ARTE DE GATO;4789004;4305108;RS;SALGADO FILHO
CENTRO DE OFTALMOLOGIA E SERVICOS VETERINARIOS;7500100;4305108;RS;NOSSA SENHORA DE LOURDES
BEAUTIFUL LACOS;4789004;4305108;RS;SAO CRISTOVAO
DOGUE BAKERY;4789004;4305108;RS;CENTRO
CT ANGICO;9609207;4305108;RS;NOSSA SENHORA DAS GRACAS
O BODEGAO;4789004;4305108;RS;SAO CAETANO
MERCATTO MICROMARKET;4712100;4305108;RS;CRUZEIRO
MEGUI PET SHOP;9609208;4305108;RS;SAO VICTOR COHAB
DELIVERY CENTER;4712100;4305108;RS;CRISTO REDENTOR
CB BEBIDAS CAXIAS;4712100;4305108;RS;EXPOSICAO
MINIMERCADO IDEAL;4712100;4305108;RS;JARDIM AMERICA
EMPORIO SUPERMERCADO;4712100;4305108;RS;ESPLANADA
RENOVAR;4712100;4305108;RS;MARECHAL FLORIANO
DONINHA PETS;7500100;4305108;RS;DIAMANTINO
JA PETCOM;9609208;4305108;RS;JARDIM AMERICA
MINI MERCADO JPKR;4712100;4305108;RS;DIAMANTINO
MERCADO FERSIL;4712100;4305108;RS;NOSSA SENHORA DAS GRACAS
ACOUGUE E MINI MERCADO PRECO BOM LTDA;4712100;4305108;RS;CRISTO REDENTOR
MERCEARIA SALVADOR;4712100;4305108;RS;SAGRADA FAMILIA
MERCEARIA MB;4712100;4305108;RS;PLANALTO
ZAFFARI;4711301;4305108;RS;CENTRO
MARCELO BORGES DE OLIVEIRA;4520001;4305108;RS;SANTA FE
ECOCLIN;8630502;4305108;RS;CENTRO
RESIDENCIAL ESTEVANEL;8112500;4305108;RS;MEDIANEIRA
CONDOMINIO RESIDENCIAL AUSTIN;8112500;4305108;RS;NOSSA SENHORA DA SAUDE
MAIS CONDOMINIOS;6822600;4305108;RS;CENTRO
QUIDELICIA CHURROS;5612100;4305108;RS;NOSSA SENHORA DO ROSARIO
RASTROLOCALIZA RASTREADORES E PERIFERICOS;4520007;4305108;RS;NOSSA SENHORA DE LOURDES
SWEET HOME RESIDENCIAL;4110700;4305108;RS;PETROPOLIS
CONSTRUTORA ABV;4110700;4305108;RS;SERRANO
ESPACO BEBE;4754701;4305108;RS;CENTRO
ELI CABELEIREIRA;9602501;4305108;RS;JARDIM ELDORADO
MASTER FIT;9313100;4305108;RS;CENTRO
GALPAO ESPAO BAR;5611201;4305108;RS;SAO PELEGRINO
UNIDADE HOSPITAL SAUDE;8640202;4305108;RS;CENTRO
D' HOMEM MODA MASCULINA;4755501;4305108;RS;NOSSA SRA DE LOURDES
PORTABILLE;3102100;4305108;RS;CRUZEIRO
VISION TECNOLOGIA LTDA;2949299;4305108;RS;BELA VISTA
ELETRO SERVICE;4321500;4305108;RS;SAO PEDRO DA TERCEIRA LEGUA
BGT;7020400;4305108;RS;NOSSA SENHORA DA SAUDE
ADAMI - INCORPORADORA;4110700;4305108;RS;FATIMA
MADISON&CULT HAIR STUDIO;9602502;4305108;RS;CIDADE NOVA
CONSTRUTORA MAZETTO;4120400;4305108;RS;DESVIO RIZZO
VTR DECORACOES;4330405;4305108;RS;JARDELINO RAMOS
VIZA FERRAMENTAS;2543800;4305108;RS;NOSSA SENHORA DE FATIMA
PERONI REPRESENTACOES COMERCIAIS LTDA;4616800;4305108;RS;BELA VISTA
RESTAURANTE COMIDA CASEIRA;5611201;4305108;RS;SAO PELEGRINO
GIO E DOUG;8592999;4305108;RS;CRUZEIRO
IMMOBILIS;6810201;4305108;RS;NOSSA SENHORA DA SAUDE
CONDOMINIO GUARAPARI;8112500;4305108;RS;NOSSA SENHORA DE LOURDES
PONTIN ATELIE DAS CHURRASQUEIRAS;3314719;4305108;RS;SANTA CATARINA
DIGITAL DENTE;8640205;4305108;RS;CENTRO
CANCHA DE BOCHA SAO CAETANO;5611204;4305108;RS;SAO CAETANO
JC REFRIGERACAO;3314707;4305108;RS;DESVIO RIZZO
DJL ENGENHARIA DE INCENDIO;7112000;4305108;RS;CENTRO
JME - CONTABILIDADE;6920601;4305108;RS;PRIMEIRO DISTRITO
DOCIVETE;4721102;4305108;RS;CENTRO
RESIDNECIAL RECANTO DOS ALPES;8112500;4305108;RS;SANTA FE
VNEX TECHNOLOGY LTDA.;9511800;4305108;RS;PANAZZOLO
PRETO MOTORS;4520001;4305108;RS;N SRA DE FATIMA
AMMIRATA;9602502;4305108;RS;SANTA CATARINA
V S ARQUITETURA;7111100;4305108;RS;EXPOSICAO
LUCIANE T RICHESI REPRESENTACOES;4618401;4305108;RS;ANA RECH
CONDOMINIO EDIFICIO CAMPOS ELISEOS;8112500;4305108;RS;SAO PELEGRINO
CLARO S/A;6120501;4305108;RS;CENTRO
CONSTRUSUL CONSTRUTORA;4120400;4305108;RS;NOSSA SENHORA DE FATIMA
SIM - REDE DE POSTOS;4731800;4305108;RS;ANA RECH
A CASA DO BIFE;5611201;4305108;RS;SAO PELEGRINO
ACOVISA CAXIAS DO SUL;4685100;4305108;RS;INTERLAGOS
ANDREIA DAL AGNOL DUTRA;3329501;4305108;RS;SALGADO FILHO
ESCOLA DE EDUCACAO INFANTIL SONHO MEU;8512100;4305108;RS;SERRANO
ESCOLA DE EDUCACAO INFANTIL SEMENTES DO SABER;8511200;4305108;RS;JARDELINO RAMOS
TOLEDO CAR;4511102;4305108;RS;ESPLANADA
FREZZA MANUTENCOES;3314722;4305108;RS;SAO PELEGRINO
SAO JOAO FARMACIAS;4771701;4305108;RS;ANA RECH
FABIO CUELLI;8592902;4305108;RS;NOSSA SENHORA DA SAUDE
FEMAR MATERIAL DE CONSTRUCAO;4744099;4305108;RS;JARDIM ELDORADO
LELLIS;1622699;4305108;RS;PLANALTO
CONDOMINIO EDIFICIO KLM;8112500;4305108;RS;BELA VISTA
CONDOMINIO CENTRO COMERCIAL MAGUS;8112500;4305108;RS;CENTRO
SAER;8712300;4305108;RS;CENTRO
P & V;2823200;4305108;RS;SANTA CATARINA
AMPERTEC;2733300;4305108;RS;SAO LUIZ DA SEXTA LEGUA
ABADAP;9499500;4305108;RS;CINQUENTENARIO
SALAO BIANCA;9602501;4305108;RS;CENTRO
PRAZER DE LER;4759899;4305108;RS;CENTRO
OFFICE CONTABILIDADE;8211300;4305108;RS;CENTRO
THAIS BICHLIN;7319002;4305108;RS;CRISTO REDENTOR
ELITE MARTIAL ARTS;8591100;4305108;RS;EXPOSICAO
BRADESCO PA SAGRADA FAMILIA - URB. CAXIAS DO SUL, RS;6422100;4305108;RS;SAGRADA FAMILIA
CONDOMINIO EDIFICIO SAO RAFAEL;8112500;4305108;RS;EXPOSICAO
CONDOMINIO RESIDENCIAL BELO MIRANTE;8112500;4305108;RS;JARDELINO RAMOS
P RACING - INDUSTRIA METALURGICA LTDA;2539001;4305108;RS;PRESIDENTE VARGAS
AUTO SERVICE;4520001;4305108;RS;RIO BRANCO
FRANCELI ZIMMER;8592999;4305108;RS;SANTA CATARINA
ALPHA DISTRIBUIDORA DE COMPONENTES INDUSTRIAIS;4689399;4305108;RS;SAO LEOPOLDO
EURONEMA AMBIENTAL;2829199;4305108;RS;JARDELINO RAMOS
TINA BIASUS;9602502;4305108;RS;SANTA CATARINA
RESIDENCIAL FELICE;8112500;4305108;RS;RIO BRANCO
STRET CAR;4520001;4305108;RS;RIO BRANCO
GIO BY NINA - GIO BY NINO;1412601;4305108;RS;PIO X
PADARIA DELICIE;1091102;4305108;RS;PIONEIRO
FEDEX;5250804;4305108;RS;MARECHAL FLORIANO
CASTERSUL;2949299;4305108;RS;MONTE BERICO
PERFECT PERFURACOES;4312600;4305108;RS;DESVIO RIZZO
POLISHOP;4713002;4305108;RS;DISTRITO INDUSTRIAL
VERGANI REPRESENTAES;4619200;4305108;RS;MARILAND
DISTRIBUIDORA DE CARVAO SIQUEIRA;4681803;4305108;RS;NOSSA SENHORA DE FATIMA
FISIO LIFE;8599604;4305108;RS;SAO LUIZ
DOCSPRIME;6201501;4305108;RS;SANVITTO
AMORTECEDORES JKM;4530703;4305108;RS;CENTRO
N2 NET 54;4789099;4305108;RS;SAO PELEGRINO
RESIDENCIAL VILLA AMALFI;8112500;4305108;RS;PANAZZOLO
BKM MOLDES E MATRIZES;2543800;4305108;RS;PETROPOLIS
AFAIA VIAGENS;7911200;4305108;RS;CENTRO
24HEXPRESS;4930201;4305108;RS;PIO X
UNISSONO PRODUCOES CULTURAIS;9001902;4305108;RS;BELA VISTA
SMART PRINT;5819100;4305108;RS;RIO BRANCO
EDIFICIO TOSCANINI;8112500;4305108;RS;SAO PELEGRINO
DUDA TRANSPORTES;4929901;4305108;RS;SANTA CATARINA
NOVO STILO ESTETICA AUTOMOTIVA;4520005;4305108;RS;SAO JOSE
RF INCORPORACOES;4110700;4305108;RS;SAO PELEGRINO
MSBI MANUTENCOES;4321500;4305108;RS;RIO BRANCO
ORTIZ VEICULOS;4511102;4305108;RS;JARDIM ELDORADO
SOBIS ACESSORIOS AUTOMOTIVOS;4530703;4305108;RS;MARECHAL FLORIANO
DE PAULA AUTO DEMOLIDORA;4530704;4305108;RS;NOSSA SENHORA DE FATIMA
SVSCHIO CONSULTORIA E REPRESENTACOES;7112000;4305108;RS;KAYSER
RESTAURANTE DAS GURIAS;5620104;4305108;RS;SAO JOSE
ESCOLA DE EDUCACAO INFANTIL LAPIS DE COR;8512100;4305108;RS;KAYSER
ESCOLA DE EDUCACAO INFANTIL MARISOL;8511200;4305108;RS;SANTA FE
W. R AUTOCAR;4520001;4305108;RS;SANTA FE
CRIS GARCIA STUDIO DE BELEZA;9602501;4305108;RS;EXPOSICAO
SIM - REDE DE POSTOS;4731800;4305108;RS;NOSSA SENHORA DE FATIMA
DILMO PARTICIPACOES;6462000;4305108;RS;BELA VISTA
TAYLOR MODAS;4781400;4305108;RS;SANTA FE
DEISE LU;1412601;4305108;RS;SAO PELEGRINO
RESIDENCIAL CARMENERE;8112500;4305108;RS;UNIVERSITARIO
ESCOLA DE EDUCACAO INFANTIL UNIVERSO INFANTIL;8511200;4305108;RS;SANTA CATARINA
KAVA TEXTIL E CO.;1412602;4305108;RS;CENTRO
NUOVA VITA CONDOMINIO CLUBE;4110700;4305108;RS;CRISTO REDENTOR
MBR INSTALACAO HIDRAULICA;4322301;4305108;RS;CENTRO
DELTA DISTRIBUIDORA LTDA;4669999;4305108;RS;MEDIANEIRA
AUTO ELETRICA FERNANDES;4520003;4305108;RS;SANTA CATARINA
SENSO COMUNICACAO INTEGRADA;8211300;4305108;RS;NOSSA SENHORA DE LOURDES
NUEVO PALATTO;1091102;4305108;RS;VILA MAESTRE
EDIFICIO DONA GILDA;8112500;4305108;RS;BELA VISTA
CONECTASYS;6202300;4305108;RS;KAYSER
JS VIDROS;2512800;4305108;RS;DESVIO RIZZO
SAO CARLOS THERMICAL SYSTEMS;4322302;4305108;RS;CRISTO REDONDOT
SAO JOAO FARMACIAS;4771701;4305108;RS;NOSSA SENHORA DE LOURDES
SINERGIA MARKETING E EVENTOS;8230001;4305108;RS;CENTRO
2M INDUSTRIA DE COMPONENTES PARA MOVEIS;2441502;4305108;RS;PRESIDENTE VARGAS
MECANICA JORGE;4520001;4305108;RS;SAO CAETANO
CONDOMINIO RESIDENCIAL GALAPAGOS;8112500;4305108;RS;DESVIO RIZZO
ONCOMAMA;8640210;4305108;RS;CENTRO
ITALIA AUTOMOVEIS;4511102;4305108;RS;NOSSA SENHORA DE FATIMA
CONDOMINIO SOLAR VILLAGGIO VERGANI;8112500;4305108;RS;PLANALTO
ADETUR TRANSPORTES;4929901;4305108;RS;SANTA LUCIA
COLISEU;4721104;4305108;RS;NOSSA SENHORA DE LOURDES
RIDGE DYNAMICS;5819100;4305108;RS;SAO LUIZ
CONDOMINIO VILLAGGIO MASOTTI;8112500;4305108;RS;NOSSA SRA DO ROSARIO
CONDOMINIO RESIDENCIAL JL;8112500;4305108;RS;CHARQUEADAS
CABRAL ODONTOLOGIA;8630504;4305108;RS;DIAMANTINO
ISOTON IMPORT. & EXPORT - LTDA;4729699;4305108;RS;RIO BRANCO
CIRCUITO CELULARES;9512600;4305108;RS;SAO PELEGRINO
HEXA MONEY;7911200;4305108;RS;CENTRO
ZANETTE SERVICOS PREVIDENCIARIOS;8219999;4305108;RS;N S  DE LOURDES
RESIDENCIAL JOANA PARISOTTO;8112500;4305108;RS;VINHEDOS
WEST SIDE RESIDENCE;8112500;4305108;RS;EXPOSICAO
PELLENZ REPRESENTACAO;4618401;4305108;RS;NOSSA SENHORA DE LOURDES
TELE NATURAL;1096100;4305108;RS;PIO X
SOLAR MIRADOURO II;8112500;4305108;RS;CINQUENTENARIO
PGZ INFO;9511800;4305108;RS;FATIMA
ESPACO CONCEITO SAUDE;8599604;4305108;RS;PIO X
VIVARE MATHEO GIANELLA;8112500;4305108;RS;SANTA CATARINA
CONDOMINIO RESIDENCIAL ALTOS DO CAMPUS;8112500;4305108;RS;PRESIDENTE VARGAS
A.F.BRASLUX;9499500;4305108;RS;BELA VISTA
RF GOVERNO CAXIAS DO SUL - REGOV/CX;6423900;4305108;RS;PIO X
RECREIO IMIGRANTE;9312300;4305108;RS;CRUZEIRO
COMETA EXPRESS;5320202;4305108;RS;N. SRA. DE LOURDES
COMERCIAL MEGA MIX;4647801;4305108;RS;BELA VISTA
ODONTO DESIGN;3250706;4305108;RS;CENTRO
ROCK STUDIO CENTER;5920100;4305108;RS;RIO BRANCO
GONZALEZ CONSULTORIA;6920601;4305108;RS;CENTRO
MIMI LINGERIE;4781400;4305108;RS;CENTRO
C.D.J.;4930202;4305108;RS;CHARQUEADAS
RESTAURANTE ZAPAROLI;4729699;4305108;RS;SAO CRISTOVAO
SILVIA REGINA;9602502;4305108;RS;SAO CRISTOVAO
CONDOMINIO EDIFICIO RESIDENCIAL NEW PORT;8112500;4305108;RS;CENTRO
ERICH TORTELLI AUTOMACAO;4752100;4305108;RS;SANTA CATARINA
SULBUS;4520003;4305108;RS;ANA RECH
RENOVAR;8211300;4305108;RS;CENTRO
CASA MARIA;4759899;4305108;RS;CENTRO
LEVE BLOCOS;4120400;4305108;RS;CENTRO
FOGOES CAXIAS;9521500;4305108;RS;CIDADE NOVA
IVETE;5620104;4305108;RS;BELA VISTA
STRONG ACESSORIOS;2949299;4305108;RS;SAO JOSE
GOLD LIMP;8111700;4305108;RS;BELA VISTA
CONDOMINIO EDIFICIO GIUSEPPE GARIBALDI;8112500;4305108;RS;EXPOSICAO
ESCOLA DE EDUCACAO PROFISSIONAL PROJETO OMEGA;8542200;4305108;RS;CENTRO
CLEO ESPACO DE BELEZA;9602501;4305108;RS;NOSSA SENHORA DA SAUDE
CELLI COMERCIO ADMINISTRACAO E PARTICIPACOES - EIRELI;6822600;4305108;RS;PIO X
GARAGEM E ESTACIONAMENTO MINUANO;4520005;4305108;RS;JARDIM AMERICA
CELI UTILIDADES;4713002;4305108;RS;PETROPOLIS
TONIN ELETRICISTA;4321500;4305108;RS;EXPOSICAO
AGROFORTE;4744001;4305108;RS;SANTA FE
AGILITA ASSESSORIA IMOBILIARIA;8219999;4305108;RS;SANVITTO
TWIPS DESIGN;3299003;4305108;RS;RIO BRANCO
ATITUDE GESTAO DE PESSOAS E CONSULTORIA;8211300;4305108;RS;CENTRO
MOZARELLA PIZZARIA;5620102;4305108;RS;ESPLANADA
PAGANELLA ADVOGADOS;6911701;4305108;RS;RIO BRANCO
MOUS CONVENIENCIA PARK;5223100;4305108;RS;PIO X
RESTAURANTE MAOS DE ANJO;5611203;4305108;RS;EXPOSICAO
BELLYSSIMA ESTETICA & MASSOTERAPIA;9602502;4305108;RS;NOSSA SENHORA DA SAUDE
GLOBAL PRIME BRASIL COMERCIAL EXPORTADORA LTDA;4671100;4305108;RS;SAGRADA FAMILIA
ORELHAZZZ;4761001;4305108;RS;VILA CRISTINA
DSI SISTEMAS ELETRONICOS INDUSTRIAIS;3314799;4305108;RS;SAO JOSE
ESTETICA PATY LIVI;9602502;4305108;RS;CENTRO
PROCDATATI;8599604;4305108;RS;RIO BRANCO
EDIFICIO RESIDENCIAL E COMERCIAL VENICE JARDIM ELDORADO;8112500;4305108;RS;JARDIM ELDORADO
WAKAN BUFALO BRANCO;7990200;4305108;RS;EXPOSICAO
START ENSINO MUSICAL;8592903;4305108;RS;KAYSER
SALAO AVENIDA;9602501;4305108;RS;SERRANO
BAZAR ESTRELA DA MANHA;4781400;4305108;RS;NOSSA SENHORA DE LOURDES
LEMOS ASSESSORIATECNICA;6311900;4305108;RS;NOSSA SENHORA DE LOURDES
D & A ESTOFADOS;3101200;4305108;RS;SAO VIRGILIO
DE BONI COMERCIO DE ANTENAS PARABOLICAS;4757100;4305108;RS;RIO BRANCO
ROSA CAR VEICULOS;4511102;4305108;RS;SAO CRISTOVAO
CINE & ARTE VIDEO PRODUTORA;7420004;4305108;RS;PLANALTO
VS CENTRO DE EMBELEZAMENTO;9602501;4305108;RS;NOSSA SENHORA DE LOURDES
D'BOSCO MAQUINAS E MOLDES;2840200;4305108;RS;CENTENARIO
CRISTAL DE GAIA;9609299;4305108;RS;CRISTO REDENTOR
HECHO POR LA MADRE;1351100;4305108;RS;RIO BRANCO
ATELIER GUSTAVO GOMES;8299799;4305108;RS;MARECHAL FLORIANO
BRINCAR E APRENDER;4763601;4305108;RS;DIAMANTINO
ELOS DO CONTO - EDICAO E ARTE;5811500;4305108;RS;PANAZZOLO
CENTRO ESTETICO LUXURIA;9602501;4305108;RS;GALOPOLIS
UPEOPLE CONSULTORIA INTELIGENTE;8599604;4305108;RS;CRUZEIRO
NIURA FASHION HOUSE;3212400;4305108;RS;JARDELINO RAMOS
TRATORIA PASTINE;5611201;4305108;RS;NOSSA SENHORA DE LOURDES
PONTALTI EMPREENDIMENTOS IMOBILIARIOS;4110700;4305108;RS;BELA VISTA
GLAMOUR MODA PLUS;4781400;4305108;RS;NOSSA SENHORA DE LOURDES
DANI VELOCIMENTROS;4520003;4305108;RS;PIO X
MMS;4330403;4305108;RS;EXPOSICAO
SALAO JAQUE;9602501;4305108;RS;SANTA FE
BUNITA LOVE;4781400;4305108;RS;NOSSA SENHORA DA SAUDE
NEUSA;4781400;4305108;RS;EXPOSICAO
IBIZA CONSULTORIA;8299799;4305108;RS;JARDIM AMERICA
VITOR RETIFICA;2950600;4305108;RS;SANTA CORONA
CHAMA MISSIONARIA;9491000;4305108;RS;SERRANO
IMPERIO ESPACO DA BELEZA;9602501;4305108;RS;CIDADE NOVA
CEEUS;8550302;4305108;RS;PIO X
RESIDENCIAL SOLAR MORADA DOS ALPES;8112500;4305108;RS;NOSSA SENHORA DO ROSARIO
FR TRANSPORTES;4930201;4305108;RS;EXPOSICAO
GCL COMERCIO DE LIVROS;4761001;4305108;RS;SAO JOSE
ROBINSON PADILHA CABRAL;5911101;4305108;RS;SANTA CORONA
ADES TRANSPORTES;4930202;4305108;RS;NOSSA SENHORA DE FATIMA
BLUSCH;4781400;4305108;RS;CHARQUEADAS
ALL AMERICAN - ENGLISH FOR THE PROFESSIONAL;8593700;4305108;RS;EXPOSICAO
HOVER COMPONENTES;2543800;4305108;RS;PIO X
MICHELI DOS SANTOS;8592902;4305108;RS;SAO VIRGILIO
RESIDENCIAL COLIBRI;8112500;4305108;RS;NOSSA SENHORA DA SAUDE
HT SONORIZACOES;9001906;4305108;RS;NOSSA SENHORA DE FATIMA
M. B. L. CONFECCOES;4781400;4305108;RS;SANTA FE
ESSENCE MASSOTERAPIA E ESTETICA;9602502;4305108;RS;MADUREIRA
SIGMA;4744001;4305108;RS;NOSSA SENHORA DE LOURDES
DS3 MULTIMARCAS;4511102;4305108;RS;SAO CRISTOVAO
GS ACESSORIOS AUTOMOTIVOS;2949299;4305108;RS;SAO CRISTOVAO
EDIFICIO JURUNA;8112500;4305108;RS;MADUREIRA
MAQUIAGEM DEFINITIVA E TATTOO VIVIANE SERENA;9609206;4305108;RS;SERRANO
FARMACIA PRECO POPULAR;4771701;4305108;RS;CIDADE NOVA
I. TOWERS BUILDING CENTER;8112500;4305108;RS;FLORESTA
NIDA MODAS;4781400;4305108;RS;CRUZEIRO
PROTEGGE ASSESSORIA;8211300;4305108;RS;MARECHAL FLORIANO
KELG INDUSTRIA E COMERCIO DE PLASTICOS;2229302;4305108;RS;PIONEIRO
SERDEMAF;8640204;4305108;RS;CENTRO
3W3;7311400;4305108;RS;MEDIANEIRA
KROHNTECH INFORMTICA LTDA;6209100;4305108;RS;CRUZEIRO
INDIGO;5229099;4305108;RS;SAO PELEGRINO
RECH 7;7721700;4305108;RS;SANTA CATARINA
OH BOUTIQUE;4781400;4305108;RS;MADUREIRA
DRAGSTER;5320202;4305108;RS;SANTA FE
FINTTI;2541100;4305108;RS;FAZENDA SOUZA
APLISUL SERVICOS;9529105;4305108;RS;CRUZEIRO
SUAMARCA.NINJA;7312200;4305108;RS;SAO PELEGRINO
PIONER FILIAL JULIO;4774100;4305108;RS;CENTRO
CASSIA CRIACOES E EVENTOS;8230001;4305108;RS;MADUREIRA
RAVEL MOVEIS E STANDS;3101200;4305108;RS;SALGADO FILHO
MACAS ANDREAZZA;0133407;4305108;RS;NOSSA SENHORA DA SAUDE
CENTRO COMERCIAL TAGLIARI;8112500;4305108;RS;CENTRO
CLEBER MARTELINHO;4520002;4305108;RS;SANTA CATARINA
ODELTA SIMONETTI;9001901;4305108;RS;ANA RECH
MARIA FRANCISCA PAIM DA SILVA;8230001;4305108;RS;CRUZEIRO
MD PINTURA E REFORMAS;4322301;4305108;RS;CHARQUEADAS
MFAR CONTRUCOES;4399103;4305108;RS;PLANALTO
INCORPORADORA INTEGRACAO;4110700;4305108;RS;CENTRO
ALLURE;8112500;4305108;RS;CHARQUEADAS
IVAN LUIZ HARTMANN;4724500;4305108;RS;SANTA CATARINA
VERA RAMPI;4781400;4305108;RS;ESPLANADA
ESPACO TAIS MORAES;9602501;4305108;RS;PIONEIRO
SPIND DESENVOLVIMENTO HUMANO;8599699;4305108;RS;FLORESTA
RESIDENCIAL VALE NEVADO;8112500;4305108;RS;JARDIM AMERICA
SORVETERIA FERNANDO DA CRUZ;4729699;4305108;RS;CIDADE NOVA
ROUTE V8 GARAGE;4520001;4305108;RS;SAO JOSE
AMARESTE;6810202;4305108;RS;BELA VISTA
CAMILA VIEIRA BRAND;3212400;4305108;RS;MADUREIRA
TRANSPORTE PAULETTI;4930201;4305108;RS;FAZENDA SOUZA
DANA COSTURAS;1412601;4305108;RS;RIO BRANCO
CAXIAS ELETRO PECAS AUTOMOTIVAS;4530703;4305108;RS;PLANALTO
I' FARAON LINGERIE, ACESSORIOS & VESTUARIO;4781400;4305108;RS;SERRANO
OTICA MARI PASQUALOTTO;4774100;4305108;RS;EXPOSICAO
INDUPERFIS REVESTIMENTOS DE PVC;2229303;4305108;RS;MARECHAL FLORIANO
BIAZUS MOTORES;4520001;4305108;RS;SAO CIRO
RESTAURANTE FIDELIX GRILL;5611201;4305108;RS;SANVITTO
RAFAEL TRANSPORTES;4924800;4305108;RS;PIONEIRO
BORRACHARIA DO VELHO;4520006;4305108;RS;ESPLANADA
LAVAGEM SAO LUIZ LTDA;4520005;4305108;RS;SANTA FE
ACESSAR DESENVOLVIMENTO PESSOAL E EMPRESARIAL;8599604;4305108;RS;NOSSA SENHORA DE LOURDES
BARBALE BARBERS SHOP;9602501;4305108;RS;CENTRO
BISTRO DAS UNHAS NAIL BAR;9602501;4305108;RS;MEDIANEIRA
AGRICOLA ANDREAZZA;4637199;4305108;RS;SANTA LUCIA DO PIAI
